t_start,t_end,n_events,n_above_mc,b,b_drift_per_day,b_drift_ok,benioff_total_log10,benioff_curv,target_M,target_time,window_kind,region,wf_station,wf_n_snapshots,wf_n_successful,wf_spectral_slope,wf_spectral_r2,wf_waveform_entropy,wf_hht_imf1_if_median_hz
2000-06-17 13:50:03.600000+00:00,2000-07-17 13:50:03.600000+00:00,90,6,,,False,6.611713988572083,-1.1980829538885834e-07,4.5,2000-07-17 13:50:03.600000+00:00,precursor,Italy,MN.AQU,6,4,-1.4491630633037074,0.5870711502253464,2.263511866169698,4.281133161882298
2000-12-05 22:20:59.860000+00:00,2001-01-04 22:20:59.860000+00:00,65,4,,,False,6.361996183740678,-2.0563999880860465e-07,4.52,2001-01-04 22:20:59.860000+00:00,precursor,Italy,MN.AQU,6,6,-0.4054691408807924,0.31839893857859725,3.6276499993635,4.642369015916485
2001-04-17 11:43:59.040000+00:00,2001-05-17 11:43:59.040000+00:00,105,4,,,False,6.51215280875079,-2.115469575083888e-07,4.94,2001-05-17 11:43:59.040000+00:00,precursor,Italy,MN.AQU,6,6,-1.2755385820913523,0.5657039797757014,2.9868803900226895,4.6202269443956965
2001-09-18 18:08:31.940000+00:00,2001-10-18 18:08:31.940000+00:00,70,3,,,False,6.2582223886146515,-7.481222440169799e-08,4.72,2001-10-18 18:08:31.940000+00:00,precursor,Italy,MN.AQU,6,6,-0.07214830368798873,0.0372349695631032,3.930681898962028,4.425233672205603
2002-03-18 06:42:56.350000+00:00,2002-04-17 06:42:56.350000+00:00,87,6,,,False,6.505793152828069,3.804644239314425e-07,4.54,2002-04-17 06:42:56.350000+00:00,precursor,Italy,MN.AQU,6,6,-0.8064865174962527,0.4073144943114538,3.3920519137074017,4.632076949266427
2002-08-07 01:21:29.230000+00:00,2002-09-06 01:21:29.230000+00:00,87,1,,,False,6.380617478521012,-9.984929244806585e-08,5.56,2002-09-06 01:21:29.230000+00:00,precursor,Italy,MN.AQU,6,6,-0.4449497683654075,0.21790852754573628,3.7208296408396735,4.573823945804076
2003-01-06 15:27:35.210000+00:00,2003-02-05 15:27:35.210000+00:00,114,8,,,False,6.69496798471082,6.735250748122998e-07,4.5,2003-02-05 15:27:35.210000+00:00,precursor,Italy,MN.AQU,6,6,-2.4669532715835047,0.7613292363385896,1.776857157030875,3.7983710989519786
2003-08-15 21:42:54.280000+00:00,2003-09-14 21:42:54.280000+00:00,89,3,,,False,6.348583633210225,-2.518928809181884e-07,5.1,2003-09-14 21:42:54.280000+00:00,precursor,Italy,MN.AQU,6,6,-0.27488593434875236,0.15294248682511216,3.904010423343559,4.445666765253988
2003-12-22 20:16:32.210000+00:00,2004-01-21 20:16:32.210000+00:00,56,2,,,False,6.170611764530989,-3.141768485787041e-07,4.5,2004-01-21 20:16:32.210000+00:00,precursor,Italy,MN.AQU,6,6,-1.115421824061517,0.4949529344762292,2.9714977088074748,4.55893724942041
2004-04-05 13:39:44.090000+00:00,2004-05-05 13:39:44.090000+00:00,60,3,,,False,6.235424948871087,-5.90518703481127e-08,5.37,2004-05-05 13:39:44.090000+00:00,precursor,Italy,MN.AQU,6,5,-1.4339576250896324,0.49675870818063056,2.6523060546497814,4.461441585969993
2004-10-25 22:59:38.640000+00:00,2004-11-24 22:59:38.640000+00:00,41,3,,,False,6.2325994574657955,-2.2814524681841642e-07,4.54,2004-11-24 22:59:38.640000+00:00,precursor,Italy,MN.AQU,6,4,-0.3411108727390897,0.13699172270983315,3.8099396942127655,4.315632638558634
2005-08-28 00:25:34.950000+00:00,2005-09-27 00:25:34.950000+00:00,60,2,,,False,6.33235310441466,-1.9062335050303807e-07,4.65,2005-09-27 00:25:34.950000+00:00,precursor,Italy,MN.AQU,6,6,-0.5662563300433564,0.3128991623923791,3.6951713978072855,4.3549710423827985
2006-09-26 14:28:37.940000+00:00,2006-10-26 14:28:37.940000+00:00,78,5,,,False,6.540273350759009,-1.1465187047317525e-07,5.75,2006-10-26 14:28:37.940000+00:00,precursor,Italy,MN.AQU,6,6,-1.858524257720361,0.6776865640843952,2.5163009705317836,3.521052205406786
2007-06-04 23:55:35.200000+00:00,2007-07-04 23:55:35.200000+00:00,53,1,,,False,6.264857326119858,-2.1605074010647225e-08,4.84,2007-07-04 23:55:35.200000+00:00,precursor,Italy,MN.AQU,6,6,-0.05871740214528603,0.14717237460172553,3.8791370478311307,4.6230679367614504
2007-11-01 07:14:25.120000+00:00,2007-12-01 07:14:25.120000+00:00,46,3,,,False,6.220935829609887,-1.6751479202961968e-08,4.63,2007-12-01 07:14:25.120000+00:00,precursor,Italy,MN.AQU,6,3,-0.9224228951941101,0.45966949623340847,3.2748470753427577,4.788549995559874
2008-11-17 21:57:44.730000+00:00,2008-12-17 21:57:44.730000+00:00,81,6,,,False,6.489814240004583,9.301714561341768e-09,5.35,2008-12-17 21:57:44.730000+00:00,precursor,Italy,MN.AQU,6,6,-0.9685212505310953,0.49182214493711923,3.1707712674009465,4.494663297381019
2009-10-24 02:27:11.190000+00:00,2009-11-23 02:27:11.190000+00:00,90,5,,,False,6.5653353374958945,-3.549167140259603e-07,4.56,2009-11-23 02:27:11.190000+00:00,precursor,Italy,MN.AQU,6,5,-0.08763172353782513,0.09038913650693603,3.8390767972198754,4.527001917457915
2010-10-04 18:13:10.600000+00:00,2010-11-03 18:13:10.600000+00:00,110,4,,,False,6.578034271603681,4.1423248592093215e-08,4.99,2010-11-03 18:13:10.600000+00:00,precursor,Italy,MN.AQU,6,0,,,,
2011-04-19 14:50:53.620000+00:00,2011-05-19 14:50:53.620000+00:00,99,7,,,False,6.581629627790788,1.3129448322350784e-07,4.67,2011-05-19 14:50:53.620000+00:00,precursor,Italy,MN.AQU,6,6,-1.5645647643890748,0.6923375399429698,2.905044212367587,3.950912846079685
2011-12-28 14:53:13.460000+00:00,2012-01-27 14:53:13.460000+00:00,64,6,,,False,6.490414765582133,2.004494286446266e-07,5.14,2012-01-27 14:53:13.460000+00:00,precursor,Italy,MN.AQU,6,6,-2.254595958037904,0.5819925714314994,1.7227185161898382,4.8196154046038755
2012-09-16 15:10:59.250000+00:00,2012-10-16 15:10:59.250000+00:00,79,9,,,False,6.677037818653529,-2.2063152613813825e-07,4.85,2012-10-16 15:10:59.250000+00:00,precursor,Italy,MN.AQU,6,6,-1.419284052531926,0.5670598741887704,2.804749871422608,4.766264946346933
2013-05-22 10:33:57.880000+00:00,2013-06-21 10:33:57.880000+00:00,65,4,,,False,6.40697347361124,-3.3094784483087676e-08,4.94,2013-06-21 10:33:57.880000+00:00,precursor,Italy,MN.AQU,6,6,-1.1203323867130976,0.43054585219622177,3.0720135444117176,4.794784168658463
2015-01-07 08:52:28.770000+00:00,2015-02-06 08:52:28.770000+00:00,85,5,,,False,6.558685271568509,1.933042098278871e-07,4.73,2015-02-06 08:52:28.770000+00:00,precursor,Italy,MN.AQU,6,5,-1.252082302421203,0.48913788174382516,2.7721357308556,4.877278723383615
2015-04-09 08:22:41.680000+00:00,2015-05-09 08:22:41.680000+00:00,83,8,,,False,6.604100707394876,-4.108095686748e-07,4.7,2015-05-09 08:22:41.680000+00:00,precursor,Italy,MN.AQU,6,6,-0.8009659950130751,0.37163438790620135,3.470191525806539,4.878618932022998
2016-07-25 01:36:33.730000+00:00,2016-08-24 01:36:33.730000+00:00,39,2,,,False,6.14241408834102,1.1952235527957872e-08,6.09,2016-08-24 01:36:33.730000+00:00,precursor,Italy,MN.AQU,6,5,-0.3699861638459492,0.18970485983728513,3.7983830049924263,4.651029958472525
2018-06-14 02:50:53.680000+00:00,2018-07-14 02:50:53.680000+00:00,60,1,,,False,6.261541854501487,9.590754809373076e-08,4.54,2018-07-14 02:50:53.680000+00:00,precursor,Italy,MN.AQU,6,0,,,,
2019-08-22 19:55:48.040000+00:00,2019-09-21 19:55:48.040000+00:00,57,4,,,False,6.443934685975746,-1.9919938322553446e-07,4.67,2019-09-21 19:55:48.040000+00:00,precursor,Italy,MN.AQU,6,5,-0.39755014041244907,0.25749885326909455,3.772738177824764,4.651586237133392
2020-02-21 05:24:03.520000+00:00,2020-03-22 05:24:03.520000+00:00,63,4,,,False,6.459740727156921,1.2535883001809688e-07,4.94,2020-03-22 05:24:03.520000+00:00,precursor,Italy,MN.AQU,6,6,-0.7306293266425685,0.4244778173015821,3.6910134566753308,4.531876543881212
2020-10-23 03:53:07.550000+00:00,2020-11-22 03:53:07.550000+00:00,87,6,,,False,6.573483854514665,-3.680910000684613e-07,4.71,2020-11-22 03:53:07.550000+00:00,precursor,Italy,MN.AQU,6,6,-0.3843559893437262,0.18051144161171062,3.8197340784780436,4.4178597629066
2021-07-20 05:30:20.590000+00:00,2021-08-19 05:30:20.590000+00:00,47,4,,,False,6.4603018690568135,-3.21953092292132e-08,4.71,2021-08-19 05:30:20.590000+00:00,precursor,Italy,MN.AQU,6,6,-0.7183373102060445,0.3806169239929999,3.559845186911231,4.7556309863784785
2022-03-23 21:07:49.200000+00:00,2022-04-22 21:07:49.200000+00:00,42,4,,,False,6.37843725196605,1.1712204277670282e-07,5.53,2022-04-22 21:07:49.200000+00:00,precursor,Italy,MN.AQU,6,6,-0.4425412628220875,0.2878576665251192,3.604849731097714,4.553883040011563
2022-10-01 21:42:51.160000+00:00,2022-10-31 21:42:51.160000+00:00,42,3,,,False,6.177782448745157,-8.916334665816883e-08,5.27,2022-10-31 21:42:51.160000+00:00,precursor,Italy,MN.AQU,6,6,-0.06973406351043743,0.08745929482351973,3.9811977455808774,4.740775485127717
2023-04-01 02:41:26.400000+00:00,2023-05-01 02:41:26.400000+00:00,38,1,,,False,6.242726324271951,1.3430222926164386e-07,5.2,2023-05-01 02:41:26.400000+00:00,precursor,Italy,MN.AQU,6,6,-0.530495382601058,0.2646264378309778,3.6414364300016397,4.5239132223455165
2023-10-21 06:46:28.370000+00:00,2023-11-20 06:46:28.370000+00:00,30,9,,,False,6.362219443315231,-6.409166804029816e-08,4.67,2023-11-20 06:46:28.370000+00:00,precursor,Italy,MN.AQU,6,6,-0.9935420964811934,0.5079212695298484,3.2726926900815485,4.77398998981424
2024-02-11 04:37:30.230000+00:00,2024-03-12 04:37:30.230000+00:00,86,8,,,False,6.622269235621668,-7.369171251290701e-07,4.65,2024-03-12 04:37:30.230000+00:00,precursor,Italy,MN.AQU,6,6,-0.9094441045971848,0.49362468536785653,3.3625549585983596,4.607994223838508
2024-07-02 19:43:20.680000+00:00,2024-08-01 19:43:20.680000+00:00,51,4,,,False,6.3313908953393385,9.849529330245336e-08,5.1,2024-08-01 19:43:20.680000+00:00,precursor,Italy,MN.AQU,6,6,-0.4243722028219028,0.2680275176083333,3.8108991582699403,4.392536821495309
2019-04-15 12:49:44.348375552+00:00,2019-05-15 12:49:44.348375552+00:00,48,0,,,False,6.250059795956376,2.375839143013299e-10,,,null_A,Italy,MN.AQU,6,5,-1.7597909617902938,0.6366337983765067,2.425477705830672,4.686568556804976
2017-05-18 11:33:23.026060288+00:00,2017-06-17 11:33:23.026060288+00:00,80,4,,,False,6.4589926905637265,-9.490357759562617e-08,,,null_A,Italy,MN.AQU,6,6,-0.844035725053132,0.3633680626857565,3.221774427614631,4.917276852765589
2018-12-19 21:19:44.596688512+00:00,2019-01-18 21:19:44.596688512+00:00,113,11,,,False,6.7646833542680715,-1.689583819657593e-06,,,null_A,Italy,MN.AQU,6,0,,,,
2009-03-29 06:13:27.434104704+00:00,2009-04-28 06:13:27.434104704+00:00,1033,60,0.8092443762172401,0.0178793562857987,True,7.799423403054757,-1.9177155292805185e-05,,,null_A,Italy,MN.AQU,6,6,-0.5606406814742203,0.30020374764455776,3.71519418777635,4.4778539658084835
2023-02-04 07:11:17.049985280+00:00,2023-03-06 07:11:17.049985280+00:00,49,7,,,False,6.4586468171325615,-4.265753403094938e-08,,,null_A,Italy,MN.AQU,6,6,-0.8284899640318949,0.3310518488164481,3.2207488075699864,4.769803541130228
2016-01-17 12:48:36.573498752+00:00,2016-02-16 12:48:36.573498752+00:00,54,6,,,False,6.399178382767088,8.268739757097136e-08,,,null_A,Italy,MN.AQU,6,6,-1.5154958174713105,0.4909898911097421,2.3277709230154735,4.819001591944719
2020-07-02 17:31:30.084958720+00:00,2020-08-01 17:31:30.084958720+00:00,87,4,,,False,6.599620714792034,-3.4762452975674146e-07,,,null_A,Italy,MN.AQU,6,6,-0.6289360099371931,0.30407258862763853,3.588663069619327,4.204017306560635
2011-01-19 03:55:08.178867008+00:00,2011-02-18 03:55:08.178867008+00:00,48,3,,,False,6.257773815091297,-1.1414491142816319e-07,,,null_A,Italy,MN.AQU,6,0,,,,
2020-08-16 01:11:32.521796096+00:00,2020-09-15 01:11:32.521796096+00:00,53,5,,,False,6.391866319317074,-1.39064931950518e-07,,,null_A,Italy,MN.AQU,6,6,-0.42376405221235935,0.22876718899250123,3.8043319290292317,4.635306845482545
2015-09-28 11:46:57.170374016+00:00,2015-10-28 11:46:57.170374016+00:00,51,2,,,False,6.383869396819176,4.858816576457775e-08,,,null_A,Italy,MN.AQU,6,5,-1.7672279441945649,0.526677616100267,1.9610003808150687,4.954676732165002
2018-11-22 02:40:58.724252288+00:00,2018-12-22 02:40:58.724252288+00:00,60,6,,,False,6.443660930918086,-2.623967202614437e-07,,,null_A,Italy,MN.AQU,6,0,,,,
2019-05-25 19:55:31.162380672+00:00,2019-06-24 19:55:31.162380672+00:00,51,2,,,False,6.268409069000553,-6.863480606633172e-08,,,null_A,Italy,MN.AQU,6,6,-0.2230190612446952,0.22898443260294407,3.90440450535077,4.534374393579279
2011-08-19 06:52:13.561001984+00:00,2011-09-18 06:52:13.561001984+00:00,101,3,,,False,6.5714679778396095,5.395891124333233e-07,,,null_A,Italy,MN.AQU,6,5,-0.6405342293499929,0.4096490905412031,3.76683875240969,4.66196720177506
2008-02-13 22:45:21.155171456+00:00,2008-03-14 22:45:21.155171456+00:00,121,12,,,False,6.785706969093924,3.013142098911601e-08,,,null_A,Italy,MN.AQU,6,2,-0.7126078094886537,0.3754832030819636,3.4966173605794877,4.480305423817769
2009-03-26 04:19:29.186877184+00:00,2009-04-25 04:19:29.186877184+00:00,997,60,0.8092443762172401,,False,7.7925637712922065,-1.5993658644482176e-05,,,null_A,Italy,MN.AQU,6,5,-0.04429070557242324,0.16718166336627754,3.744189939688461,4.452771372644102
2011-09-14 02:04:58.993434368+00:00,2011-10-14 02:04:58.993434368+00:00,83,2,,,False,6.414179876695586,-8.608279163990021e-08,,,null_A,Italy,MN.AQU,6,6,-0.1402600319026183,0.2611704636730427,3.7860810913434775,4.380774559975028
2004-09-20 22:40:55.758968928+00:00,2004-10-20 22:40:55.758968928+00:00,88,5,,,False,6.420804042595741,-1.241041230642683e-07,,,null_A,Italy,MN.AQU,6,6,-0.29153015376993446,0.16572174458066982,3.882817054457553,4.461101826454058
2011-11-09 01:14:47.022792128+00:00,2011-12-09 01:14:47.022792128+00:00,78,4,,,False,6.442885376322403,-1.4359826954664696e-07,,,null_A,Italy,MN.AQU,6,6,-0.030441175327091025,0.24780388459086933,3.9004653585462385,4.769132378442082
2017-06-13 20:22:11.170000256+00:00,2017-07-13 20:22:11.170000256+00:00,63,3,,,False,6.437987404700216,1.6409380663159456e-07,,,null_A,Italy,MN.AQU,6,5,0.22059686072058526,0.24127896069740618,3.9149339300639396,4.6527280148923325
2009-08-28 01:44:49.845786176+00:00,2009-09-27 01:44:49.845786176+00:00,85,7,,,False,6.644083554911447,-1.402668121881606e-07,,,null_A,Italy,MN.AQU,6,2,-0.7193464104828098,0.35523785854714307,3.573181584901788,4.336514298909646
2007-03-09 16:09:23.293218784+00:00,2007-04-08 16:09:23.293218784+00:00,74,2,,,False,6.379180205365385,3.030557920545303e-09,,,null_A,Italy,MN.AQU,6,6,-1.5527874505226327,0.6468359868459167,2.877315100370353,3.6306038604227373
2003-06-26 10:29:23.429301312+00:00,2003-07-26 10:29:23.429301312+00:00,83,6,,,False,6.456759889971024,-1.847685630298118e-07,,,null_A,Italy,MN.AQU,6,6,-0.9327844111064557,0.476875602404224,3.3652950853887873,4.709052907583487
2000-03-08 12:14:00.819340503+00:00,2000-04-07 12:14:00.819340503+00:00,86,5,,,False,6.59219181818203,3.1623324239966384e-07,,,null_A,Italy,MN.AQU,6,6,-0.9426865133630598,0.42218431513934446,2.6170117748236525,4.76133027478292
2017-07-28 10:44:48.786637824+00:00,2017-08-27 10:44:48.786637824+00:00,72,3,,,False,6.492203614848131,3.884097985431821e-08,,,null_A,Italy,MN.AQU,6,6,-0.4162319616945767,0.2197180122187962,3.604847000233738,4.997738569030501
2019-06-16 04:15:53.793539200+00:00,2019-07-16 04:15:53.793539200+00:00,35,2,,,False,6.133694721346426,3.1519679231405994e-08,,,null_A,Italy,MN.AQU,6,6,-0.5098807784353515,0.4130098894479319,3.700053894455553,4.593926052514146
2003-06-26 20:12:47.648753472+00:00,2003-07-26 20:12:47.648753472+00:00,85,6,,,False,6.472808937630779,-1.75507121338165e-07,,,null_A,Italy,MN.AQU,6,6,-0.3994581772068602,0.23594853834998628,3.7364276853266642,4.500846178013316
2011-09-28 02:33:16.385393728+00:00,2011-10-28 02:33:16.385393728+00:00,87,4,,,False,6.526033676705267,3.354797803041798e-07,,,null_A,Italy,MN.AQU,6,5,-0.41353175143086907,0.2780765351135232,3.6094375705667487,4.544972435577303
2019-01-24 00:17:31.227590784+00:00,2019-02-23 00:17:31.227590784+00:00,47,2,,,False,6.26047627191771,2.6821179866030768e-08,,,null_A,Italy,MN.AQU,6,0,,,,
2015-10-26 06:51:23.491690432+00:00,2015-11-25 06:51:23.491690432+00:00,51,5,,,False,6.373017980067138,-7.847931805780891e-08,,,null_A,Italy,MN.AQU,6,6,-0.5618444206576318,0.3023917432355135,3.659580447110416,4.766073441529757
2000-10-07 23:40:44.324158228+00:00,2000-11-06 23:40:44.324158228+00:00,104,6,,,False,6.5552672169026955,8.01378674901247e-08,,,null_A,Italy,MN.AQU,6,6,-0.5481135773631313,0.28677479919114984,3.4657238327421496,4.477787269464043
2005-05-07 12:13:58.614683488+00:00,2005-06-06 12:13:58.614683488+00:00,124,7,,,False,6.670001781780068,1.233464099807074e-07,,,null_A,Italy,MN.AQU,6,6,-1.1477481524621462,0.49605020938887806,2.8866033198174788,4.637415403793868
2010-03-07 15:47:53.282261120+00:00,2010-04-06 15:47:53.282261120+00:00,70,1,,,False,6.374587016750539,7.90505270343648e-08,,,null_A,Italy,MN.AQU,6,5,-1.522883945058657,0.6356715512138973,2.763716641350726,3.8576708331436538
2007-04-26 14:20:37.151810496+00:00,2007-05-26 14:20:37.151810496+00:00,79,4,,,False,6.426052814905266,-6.205785887616426e-08,,,null_A,Italy,MN.AQU,6,5,-1.4497736691365246,0.5700675764329814,2.8144163297623144,4.457029230208451
2019-07-15 00:30:53.208938368+00:00,2019-08-14 00:30:53.208938368+00:00,50,4,,,False,6.394781651127831,5.783126370527641e-09,,,null_A,Italy,MN.AQU,6,6,-0.07776587496187556,0.34447282268711804,3.8057339119122786,4.609269169415356
2010-02-16 03:57:51.815175616+00:00,2010-03-18 03:57:51.815175616+00:00,70,1,,,False,6.405491750237565,-5.730857156930334e-08,,,null_A,Italy,MN.AQU,6,3,-0.7416127303072777,0.34869278017867006,3.342809262012198,4.634944024328486
2017-12-31 22:27:36.692057664+00:00,2018-01-30 22:27:36.692057664+00:00,66,3,,,False,6.407468061431814,-1.3238915111251582e-08,,,null_A,Italy,MN.AQU,6,0,,,,
2012-06-26 16:16:46.947603840+00:00,2012-07-26 16:16:46.947603840+00:00,82,3,,,False,6.494549055377725,-3.143023808672777e-07,,,null_A,Italy,MN.AQU,6,4,-1.0559173501515304,0.4381872806904565,3.1493848675102765,4.299959580448631
2017-05-08 22:42:54.952791168+00:00,2017-06-07 22:42:54.952791168+00:00,83,2,,,False,6.431450219285749,3.341580090110327e-07,,,null_A,Italy,MN.AQU,6,6,0.010942843954507855,0.3028043200525257,3.76798521735386,4.780296628245124
2011-02-13 02:52:34.270233472+00:00,2011-03-15 02:52:34.270233472+00:00,42,0,,,False,6.111377710001901,1.07928548691009e-07,,,null_A,Italy,MN.AQU,6,0,,,,
2009-06-30 07:17:54.570653376+00:00,2009-07-30 07:17:54.570653376+00:00,166,7,,,False,6.820017578470272,-4.229053218548236e-07,,,null_A,Italy,MN.AQU,6,6,-0.9435739316137745,0.36276363513295024,3.4844853369878113,3.8154043911403965
2015-09-15 21:57:06.943837952+00:00,2015-10-15 21:57:06.943837952+00:00,49,3,,,False,6.356212000810423,5.800804784916974e-08,,,null_A,Italy,MN.AQU,6,6,-0.19734078554560705,0.11435644770895144,3.915470677172936,4.463330164097242
2022-08-22 19:09:21.088841984+00:00,2022-09-21 19:09:21.088841984+00:00,71,2,,,False,6.4028002485482105,-2.2038755035358266e-07,,,null_A,Italy,MN.AQU,6,6,-0.27863340431247496,0.3365365570263949,3.817981850841578,4.539383708159728
2017-06-08 18:29:30.025376576+00:00,2017-07-08 18:29:30.025376576+00:00,68,5,,,False,6.497114299190121,2.117547236135665e-07,,,null_A,Italy,MN.AQU,6,6,0.31039517904100206,0.36889482778876886,3.875424914336517,4.670004499105557
2006-08-17 06:34:47.957933152+00:00,2006-09-16 06:34:47.957933152+00:00,102,4,,,False,6.562637423697474,8.790084204849623e-08,,,null_A,Italy,MN.AQU,6,5,-0.44102348549883563,0.2584987170408909,3.829813391502703,4.748915124095838
2019-05-29 04:10:43.453344+00:00,2019-06-28 04:10:43.453344+00:00,52,3,,,False,6.303663008246413,-9.53773079964928e-08,,,null_A,Italy,MN.AQU,6,6,-0.2211820705227151,0.24226891237205392,3.9238788781402056,4.662854623110296
2017-11-12 03:49:13.589287936+00:00,2017-12-12 03:49:13.589287936+00:00,50,3,,,False,6.283982503078835,-8.289487629018421e-09,,,null_A,Italy,MN.AQU,6,6,-0.691463616458448,0.3958048434085333,3.484416010125587,4.672939428565078
2011-03-14 07:00:00.596654784+00:00,2011-04-13 07:00:00.596654784+00:00,73,4,,,False,6.406743197946595,-1.22047473166082e-07,,,null_A,Italy,MN.AQU,6,0,,,,
2022-06-29 09:18:18.859576064+00:00,2022-07-29 09:18:18.859576064+00:00,32,3,,,False,6.117826973863787,4.13053212882131e-08,,,null_A,Italy,MN.AQU,6,6,-0.4970436914424849,0.22721327890329246,3.764206943737706,4.918672979514929
2014-06-08 04:09:16.399236288+00:00,2014-07-08 04:09:16.399236288+00:00,48,1,,,False,6.274545392041005,1.1969193365325102e-08,,,null_A,Italy,MN.AQU,6,5,-0.541266478554504,0.3451377325003816,3.591131206618151,4.555679559838785
2018-11-26 00:59:58.805140608+00:00,2018-12-26 00:59:58.805140608+00:00,103,8,,,False,6.6764025472786726,4.570634918339003e-07,,,null_A,Italy,MN.AQU,6,0,,,,
2017-12-05 13:47:41.930729344+00:00,2018-01-04 13:47:41.930729344+00:00,55,5,,,False,6.369340583283001,-8.999977710293299e-08,,,null_A,Italy,MN.AQU,6,5,-2.036775030175202,0.6529721755845109,1.9099048729702475,4.778122205427595
2015-08-19 20:23:21.503204544+00:00,2015-09-18 20:23:21.503204544+00:00,37,3,,,False,6.239132124456697,-1.1260585415759177e-07,,,null_A,Italy,MN.AQU,6,6,-0.172220855775296,0.3533231761218605,3.6683502328425974,4.632967597158258
2014-07-22 13:45:11.197567808+00:00,2014-08-21 13:45:11.197567808+00:00,60,5,,,False,6.467579904764411,7.34006538719335e-08,,,null_A,Italy,MN.AQU,6,6,-1.7388823122165717,0.5431323960672451,2.509372423909182,4.8894091525290975
2016-03-11 23:21:25.160611456+00:00,2016-04-10 23:21:25.160611456+00:00,42,2,,,False,6.141874261086469,1.3037399807181854e-07,,,null_A,Italy,MN.AQU,6,6,-0.2930829458057915,0.1410130073247012,3.7734218207389802,4.544004656367524
2002-02-08 01:25:06.649987032+00:00,2002-03-10 01:25:06.649987032+00:00,57,4,,,False,6.254023691058067,-3.600794297538053e-07,,,null_A,Italy,MN.AQU,6,6,-0.6558805258495601,0.3460446899991736,3.613295423170035,4.414502829383093
2010-05-12 21:42:42.259245824+00:00,2010-06-11 21:42:42.259245824+00:00,138,5,,,False,6.663049467807301,3.32713070716994e-07,,,null_A,Italy,MN.AQU,6,4,0.08099412837886494,0.0454582245685452,3.8670303147204512,4.321656047091041
2008-03-21 16:18:55.767883232+00:00,2008-04-20 16:18:55.767883232+00:00,63,5,,,False,6.467519197925419,1.1190927625177329e-07,,,null_A,Italy,MN.AQU,6,5,-1.6284775392288797,0.7032680968848579,2.744570939118033,3.9113160787764887
2014-08-23 20:26:40.836392640+00:00,2014-09-22 20:26:40.836392640+00:00,59,8,,,False,6.445225068144969,-2.574152202990451e-07,,,null_A,Italy,MN.AQU,6,4,0.2774900491379543,0.11783962106391058,3.927800661304725,4.629352637304331
2023-01-20 07:53:44.731445504+00:00,2023-02-19 07:53:44.731445504+00:00,45,6,,,False,6.382903919394166,1.6146525402207592e-07,,,null_A,Italy,MN.AQU,6,6,-1.368275200186176,0.62147911164431,2.9677564592734176,4.618252574345406
2014-06-24 22:24:44.995479168+00:00,2014-07-24 22:24:44.995479168+00:00,51,2,,,False,6.311506655768551,3.8482979970822575e-08,,,null_A,Italy,MN.AQU,6,5,-0.006080894920147783,0.18243879251316925,3.906491948279963,4.685186684948481
2008-08-23 11:32:09.343395456+00:00,2008-09-22 11:32:09.343395456+00:00,68,2,,,False,6.373560921682885,-1.4162191796721514e-08,,,null_A,Italy,MN.AQU,6,5,-1.4120435149788135,0.5594012509113752,2.7516051202625116,4.894296629982487
2014-09-22 14:55:04.980551680+00:00,2014-10-22 14:55:04.980551680+00:00,73,5,,,False,6.528483682104684,-1.8654922435260693e-07,,,null_A,Italy,MN.AQU,6,6,-1.7299819753059336,0.6616719624237968,2.6802770599082653,4.164653835855207
2019-07-04 10:28:56.470986880+00:00,2019-08-03 10:28:56.470986880+00:00,49,3,,,False,6.292540875951927,1.2460704356251164e-07,,,null_A,Italy,MN.AQU,6,6,-0.8639741583491113,0.38493861443036687,3.3277393395168784,4.846195983264671
2002-01-23 10:57:21.381965872+00:00,2002-02-22 10:57:21.381965872+00:00,63,4,,,False,6.2924817280805465,2.3169963269534714e-07,,,null_A,Italy,MN.AQU,6,6,-0.7863958319333019,0.40147080780453476,3.436878369144439,4.539633446543154
2011-10-19 21:18:17.460925632+00:00,2011-11-18 21:18:17.460925632+00:00,87,9,,,False,6.579007143752759,8.098424126846225e-09,,,null_A,Italy,MN.AQU,6,6,-0.2673358142451514,0.30802321027964735,3.5659253897843484,4.810143903301643
2006-08-27 08:06:02.098616320+00:00,2006-09-26 08:06:02.098616320+00:00,97,3,,,False,6.51658294539058,-3.713098202101979e-07,,,null_A,Italy,MN.AQU,6,5,-0.8698507034012252,0.44508784680910657,3.374656741561323,4.674745972992943
2008-04-06 05:21:01.255521792+00:00,2008-05-06 05:21:01.255521792+00:00,81,4,,,False,6.509034148502288,-9.760477230633077e-09,,,null_A,Italy,MN.AQU,6,6,-0.7105224229901063,0.361957416964573,3.7792833514268303,4.610612499569867
2020-08-03 20:39:28.157655808+00:00,2020-09-02 20:39:28.157655808+00:00,81,6,,,False,6.541850274089318,-8.703384213760204e-08,,,null_A,Italy,MN.AQU,6,6,-0.2447657989805819,0.1617498119192247,3.8762917524784206,4.5460159092615795
2003-06-30 22:57:51.620190032+00:00,2003-07-30 22:57:51.620190032+00:00,86,5,,,False,6.418828891885628,-1.1344263745584961e-07,,,null_A,Italy,MN.AQU,6,6,-0.3324913867178982,0.15451606309199503,3.8775938947021533,4.340821151416421
2016-06-07 03:04:07.854810432+00:00,2016-07-07 03:04:07.854810432+00:00,50,5,,,False,6.430186324593646,2.667079619682838e-07,,,null_A,Italy,MN.AQU,6,3,-0.03011028752040351,0.02973218683813687,3.9617916984818216,4.481729124542488
2018-02-12 02:57:00.031240960+00:00,2018-03-14 02:57:00.031240960+00:00,71,3,,,False,6.513592987582661,-1.409268647487523e-07,,,null_A,Italy,MN.AQU,6,0,,,,
2019-02-26 05:16:13.651839616+00:00,2019-03-28 05:16:13.651839616+00:00,41,0,,,False,6.103383807081572,6.607733898894523e-08,,,null_A,Italy,MN.AQU,6,4,-0.6565840049037479,0.3992711604958554,3.719911191752197,4.738097389129283
2009-03-30 09:21:59.630350720+00:00,2009-04-29 09:21:59.630350720+00:00,1033,59,0.8113798110288754,0.0351300854224609,True,7.798095397030883,-1.9801165871108792e-05,,,null_A,Italy,MN.AQU,6,6,-0.47751716078887946,0.1756867226298683,3.1091353940051665,4.503810020481165
2020-09-04 16:41:35.991191808+00:00,2020-10-04 16:41:35.991191808+00:00,50,3,,,False,6.370693773056374,2.56085268498573e-07,,,null_A,Italy,MN.AQU,6,6,-1.1326062374958727,0.5090921685794948,3.2945481535764842,4.127244265134671
2007-04-02 05:50:14.050638624+00:00,2007-05-02 05:50:14.050638624+00:00,72,4,,,False,6.416039482883234,3.216513796888485e-07,,,null_A,Italy,MN.AQU,6,5,-0.2720198562389743,0.17910124811622827,3.814527102694214,4.731430119994938
2006-05-19 03:02:22.011310528+00:00,2006-06-18 03:02:22.011310528+00:00,102,4,,,False,6.628869734519422,-6.218160351751034e-08,,,null_A,Italy,MN.AQU,6,6,-0.17941335583574725,0.17793036770000517,3.8337934112040117,4.3684121392888695
2019-03-28 20:16:51.604017664+00:00,2019-04-27 20:16:51.604017664+00:00,48,3,,,False,6.30315726739155,-2.7797510682865476e-08,,,null_A,Italy,MN.AQU,6,6,-0.43068586713516305,0.3803350352129115,3.8220442986363987,4.604313603934223
2009-04-24 06:52:30.822603328+00:00,2009-05-24 06:52:30.822603328+00:00,245,9,,,False,6.909120973532604,-4.667756361905488e-07,,,null_A,Italy,MN.AQU,6,6,-0.14355422442574486,0.16901087567169495,3.3718752589533056,4.1077339320867505
2006-07-17 05:50:53.001129984+00:00,2006-08-16 05:50:53.001129984+00:00,72,3,,,False,6.363348980323388,-1.2947294527096938e-07,,,null_A,Italy,MN.AQU,6,5,-0.6244036315154515,0.32224679349684254,3.633678273926222,4.703365554217805
2006-01-02 15:45:27.915430976+00:00,2006-02-01 15:45:27.915430976+00:00,99,7,,,False,6.563487538840808,-4.626155372469692e-07,,,null_A,Italy,MN.AQU,6,6,-2.0435044782226632,0.712091947006681,2.016786208724007,4.194525406281458
2020-09-16 17:39:47.978880256+00:00,2020-10-16 17:39:47.978880256+00:00,45,2,,,False,6.309004660176988,-4.549778993753096e-07,,,null_A,Italy,MN.AQU,6,6,-0.8909490758875344,0.44645006679552557,3.376540399560279,4.447295823059207
2007-09-25 20:41:31.587350464+00:00,2007-10-25 20:41:31.587350464+00:00,68,3,,,False,6.40027471006875,-9.505298961674733e-08,,,null_A,Italy,MN.AQU,6,0,,,,
2019-05-16 22:09:17.777871488+00:00,2019-06-15 22:09:17.777871488+00:00,53,3,,,False,6.292251952690437,6.133014870428639e-08,,,null_A,Italy,MN.AQU,6,6,-0.1525518818195574,0.23843974184223948,3.8560124959044226,4.735583728979908
2012-06-23 21:57:58.260670784+00:00,2012-07-23 21:57:58.260670784+00:00,88,3,,,False,6.526501764119278,-2.960966639858135e-07,,,null_A,Italy,MN.AQU,6,5,-0.17992159679693,0.2410445021856124,3.8972326305802634,4.425606410454775
2000-05-07 08:12:33.504147016+00:00,2000-06-06 08:12:33.504147016+00:00,240,14,,,False,7.0010731917752915,-2.427102688881761e-06,,,null_A,Italy,MN.AQU,6,4,-0.2257567319561239,0.23766286220990154,3.6427085677417277,4.654171372166474
2012-08-13 18:43:36.839135296+00:00,2012-09-12 18:43:36.839135296+00:00,68,5,,,False,6.434028553909517,2.0234574651132677e-07,,,null_A,Italy,MN.AQU,6,6,0.026912345331312332,0.2561819287917046,3.8315560585734008,4.436741522167769
2017-04-20 05:11:43.739921600+00:00,2017-05-20 05:11:43.739921600+00:00,102,5,,,False,6.669744874776711,-1.0241858219128798e-06,,,null_A,Italy,MN.AQU,6,6,-0.6816853241046639,0.40492756293545934,3.740713237105983,4.668728365739442
2014-06-25 10:31:43.736977856+00:00,2014-07-25 10:31:43.736977856+00:00,51,2,,,False,6.310611204841362,3.875038061034544e-08,,,null_A,Italy,MN.AQU,6,5,-0.8449509360947511,0.3262572706090884,3.226749126174357,5.046604036883197
2017-10-29 15:52:22.123060864+00:00,2017-11-28 15:52:22.123060864+00:00,59,5,,,False,6.442645236147284,-2.8326027451723786e-07,,,null_A,Italy,MN.AQU,6,6,-2.137376865508071,0.6834768782104209,2.1015616152607843,3.698514481112748
2023-02-11 13:24:04.137002880+00:00,2023-03-13 13:24:04.137002880+00:00,44,9,,,False,6.525393041695546,2.4906617126166216e-07,,,null_A,Italy,MN.AQU,6,6,-1.5460850291240567,0.49342375028159796,2.5376788155309344,4.885821928216077
2007-02-20 13:05:39.639678112+00:00,2007-03-22 13:05:39.639678112+00:00,70,2,,,False,6.328078968508686,-7.795239887260676e-08,,,null_A,Italy,MN.AQU,6,6,-1.6104309972048956,0.5721707201548712,2.4683643751657462,4.358158482496043
2023-01-17 11:48:46.439269248+00:00,2023-02-16 11:48:46.439269248+00:00,46,6,,,False,6.391324949453176,1.4528072934297781e-08,,,null_A,Italy,MN.AQU,6,6,-1.733462139366553,0.5889404636022992,2.221261982485339,4.805234046942874
2015-10-19 12:30:57.823833408+00:00,2015-11-18 12:30:57.823833408+00:00,51,5,,,False,6.3313371270582355,1.779353589301038e-07,,,null_A,Italy,MN.AQU,6,6,-1.2272601718014222,0.40651163483017944,2.814659114353555,4.821874949154339
2003-07-01 18:44:03.100812944+00:00,2003-07-31 18:44:03.100812944+00:00,84,5,,,False,6.414121919587448,-1.1185284903804129e-07,,,null_A,Italy,MN.AQU,6,6,-0.30182971355152116,0.23211954069045673,3.8373906891200846,4.402082059554496
2010-06-12 00:02:53.490790720+00:00,2010-07-12 00:02:53.490790720+00:00,113,4,,,False,6.599443769002094,2.8177128072816295e-08,,,null_A,Italy,MN.AQU,6,5,-0.5776204630149977,0.3378624698686337,3.7639513683661407,4.404601110360128
2014-11-08 06:49:56.244595200+00:00,2014-12-08 06:49:56.244595200+00:00,75,2,,,False,6.428758787393542,1.1581112622131893e-07,,,null_A,Italy,MN.AQU,6,6,-0.6945261429644042,0.3981850686652908,3.609830827336284,4.744904729972861
2011-08-25 07:09:58.046034944+00:00,2011-09-24 07:09:58.046034944+00:00,96,4,,,False,6.559152793166725,3.528042816514309e-07,,,null_A,Italy,MN.AQU,6,6,-0.8759925532197977,0.41569364276913356,3.284087942771981,4.458100092944672
2019-07-22 21:30:39.228280832+00:00,2019-08-21 21:30:39.228280832+00:00,51,8,,,False,6.481285552171478,3.932621753514943e-07,,,null_A,Italy,MN.AQU,6,6,-0.14091305944136356,0.31447469373874304,3.8374588577015434,4.615377444428659
2020-09-01 09:48:40.942796544+00:00,2020-10-01 09:48:40.942796544+00:00,56,3,,,False,6.412335060034222,2.934629516101648e-07,,,null_A,Italy,MN.AQU,6,6,-1.103736861667363,0.380429778396258,2.7624112573412276,4.89655530495037
2013-03-24 05:07:47.827177536+00:00,2013-04-23 05:07:47.827177536+00:00,87,12,,,False,6.619800702251201,1.2508097508984078e-07,,,null_A,Italy,MN.AQU,6,5,-0.7792137703410127,0.34768910421355603,3.2589815316631077,4.8156785285971715
2010-04-13 10:54:08.490724736+00:00,2010-05-13 10:54:08.490724736+00:00,85,6,,,False,6.48996368144955,-3.6814369900292315e-07,,,null_A,Italy,MN.AQU,6,6,-1.1882408621616107,0.5135283356789189,2.9781606641251037,4.623454742237239
2009-04-29 01:50:20.951145728+00:00,2009-05-29 01:50:20.951145728+00:00,206,9,,,False,6.829987092806709,-5.199124090164241e-07,,,null_A,Italy,MN.AQU,6,6,-0.06321300174809162,0.03751753148717896,3.7962790779048903,4.377763210312208
2010-08-12 14:20:41.772538560+00:00,2010-09-11 14:20:41.772538560+00:00,114,3,,,False,6.557979838417259,-1.623416511030495e-07,,,null_A,Italy,MN.AQU,6,6,-2.1844798164061925,0.734413188633007,2.4497807999494685,3.7109131862322036
2016-03-30 22:39:42.666689152+00:00,2016-04-29 22:39:42.666689152+00:00,40,3,,,False,6.163661760334371,-1.1094708413267049e-07,,,null_A,Italy,MN.AQU,6,6,-0.14885825467751235,0.2045739630165305,3.8096255879161998,4.574431721819527
2006-03-06 04:09:51.761156+00:00,2006-04-05 04:09:51.761156+00:00,46,3,,,False,6.225609184498846,2.618201606919276e-07,,,null_A,Italy,MN.AQU,6,5,-0.582381929292337,0.3394580249699391,3.7073967250665105,4.615048160514551
2014-10-24 15:23:57.764846848+00:00,2014-11-23 15:23:57.764846848+00:00,57,2,,,False,6.328832669803962,1.3630895920547446e-07,,,null_A,Italy,MN.AQU,6,6,-2.3017637212556754,0.7559048595430792,2.0929810514567264,4.050875144309307
2020-07-20 01:06:31.397483776+00:00,2020-08-19 01:06:31.397483776+00:00,76,2,,,False,6.439538277495172,1.801062396184599e-07,,,null_A,Italy,MN.AQU,6,6,-0.20566793622706947,0.24174642922237796,3.870389583764357,4.517206321943862
2007-09-25 23:05:42.298890816+00:00,2007-10-25 23:05:42.298890816+00:00,68,3,,,False,6.40027471006875,-9.505298961674757e-08,,,null_A,Italy,MN.AQU,6,0,,,,
2007-02-04 20:02:57.038186048+00:00,2007-03-06 20:02:57.038186048+00:00,66,5,,,False,6.433330169131186,-4.870448335308155e-09,,,null_A,Italy,MN.AQU,6,6,-0.4137846389656519,0.2603880376061323,3.798646921408251,4.5319675766494525
2014-09-24 16:47:29.222204288+00:00,2014-10-24 16:47:29.222204288+00:00,77,5,,,False,6.553690360166386,-2.1009183906980533e-07,,,null_A,Italy,MN.AQU,6,6,-1.36360478746196,0.6509397685203123,3.3747108132879955,4.343974312240172
2012-07-28 08:44:32.355339904+00:00,2012-08-27 08:44:32.355339904+00:00,62,5,,,False,6.442572091003617,2.513393375620516e-09,,,null_A,Italy,MN.AQU,6,6,-0.5902910994788887,0.23379785912571557,3.595527604310332,5.116568911473193
2021-10-21 05:08:19.342742656+00:00,2021-11-20 05:08:19.342742656+00:00,56,2,,,False,6.309879768051736,4.4833027016399035e-08,,,null_A,Italy,MN.AQU,6,6,-0.7031941015421302,0.3876757681033202,3.6123374164294386,4.671797979730837
2006-03-20 06:17:59.617064192+00:00,2006-04-19 06:17:59.617064192+00:00,80,9,,,False,6.568541598601855,3.561074226863929e-07,,,null_A,Italy,MN.AQU,6,6,-0.5614976986063225,0.30040543090660426,3.5162436004165722,4.738771941993202
2010-05-17 01:06:12.344172160+00:00,2010-06-16 01:06:12.344172160+00:00,140,6,,,False,6.683427260345478,2.1106842513337643e-07,,,null_A,Italy,MN.AQU,6,5,-0.07492211710733383,0.20120890311018677,3.823580567224826,4.558731725104863
2009-04-23 21:21:13.277228160+00:00,2009-05-23 21:21:13.277228160+00:00,256,10,,,False,6.928857963369104,-5.157168575138906e-07,,,null_A,Italy,MN.AQU,6,6,-0.09724798616477805,0.13582984231711506,3.786548720004023,4.432609104948705
2013-01-19 08:28:15.552976320+00:00,2013-02-18 08:28:15.552976320+00:00,59,9,,,False,6.552926278025315,-2.432856085763927e-07,,,null_A,Italy,MN.AQU,6,6,-1.2312644909546688,0.49864779235027307,2.7276698477284733,4.768433683461656
2023-01-17 19:07:01.923347584+00:00,2023-02-16 19:07:01.923347584+00:00,49,6,,,False,6.4087990629308,6.010746561211159e-08,,,null_A,Italy,MN.AQU,6,6,-0.6210987327330596,0.4270167347288399,3.651163151582203,4.540256413579852
2002-06-21 13:33:28.718919376+00:00,2002-07-21 13:33:28.718919376+00:00,100,3,,,False,6.3939563315817365,7.112656020726784e-08,,,null_A,Italy,MN.AQU,6,6,-1.6744660513157508,0.6608632519255293,2.6187927576645205,4.385110853498621
2022-06-29 20:23:24.324674560+00:00,2022-07-29 20:23:24.324674560+00:00,32,3,,,False,6.117826973863787,4.130532128821301e-08,,,null_A,Italy,MN.AQU,6,6,-0.4059437977683998,0.2771048435733252,3.8538798944327106,4.544604851079802
2019-06-04 18:53:58.026330496+00:00,2019-07-04 18:53:58.026330496+00:00,46,2,,,False,6.236678042116728,-1.0777294842448961e-07,,,null_A,Italy,MN.AQU,6,6,0.14197908239152243,0.19685327734415337,3.962938746154031,4.632150318002456
2016-01-04 22:58:16.401033728+00:00,2016-02-03 22:58:16.401033728+00:00,69,8,,,False,6.584322663483648,-5.640952410247512e-07,,,null_A,Italy,MN.AQU,6,6,-0.2950438568199454,0.2753080449144392,3.6266213447598417,4.654160400543908
2019-05-31 09:47:34.799254272+00:00,2019-06-30 09:47:34.799254272+00:00,49,3,,,False,6.27865378424682,-1.0571978096325328e-07,,,null_A,Italy,MN.AQU,6,6,-0.8768691575417238,0.4405444887437256,3.3520879695630827,4.7795674691088195
2009-08-06 07:56:19.520953728+00:00,2009-09-05 07:56:19.520953728+00:00,137,1,,,False,6.629211082136217,1.762131795694258e-07,,,null_A,Italy,MN.AQU,6,6,-0.762955481639538,0.3455814826649282,3.40594071046803,3.8335392551934033
2015-12-09 09:08:55.706505216+00:00,2016-01-08 09:08:55.706505216+00:00,44,3,,,False,6.357391685811601,4.873476378731102e-08,,,null_A,Italy,MN.AQU,6,6,-1.0306467987624712,0.4363247215214923,3.000308151141913,4.796157028320843
2006-08-22 16:11:16.519481920+00:00,2006-09-21 16:11:16.519481920+00:00,105,3,,,False,6.53834851785101,-1.288305164946221e-07,,,null_A,Italy,MN.AQU,6,5,-1.2755599632331986,0.7286936835160238,3.2743999196303193,4.152093975896647
2003-06-26 13:58:07.978325104+00:00,2003-07-26 13:58:07.978325104+00:00,84,6,,,False,6.466228398306312,-1.8067249853476906e-07,,,null_A,Italy,MN.AQU,6,6,-1.7177065795777917,0.6335222056557083,2.4970040077822135,4.381230882801537
2010-05-22 18:02:52.097497600+00:00,2010-06-21 18:02:52.097497600+00:00,153,5,,,False,6.731610607790137,-4.7379192616398706e-08,,,null_A,Italy,MN.AQU,6,5,-0.42682504944628696,0.35920645755174435,3.845429848539667,4.399169895880289
2009-02-27 08:24:36.134833024+00:00,2009-03-29 08:24:36.134833024+00:00,65,4,,,False,6.4179063638074485,2.493390239235082e-07,,,null_A,Italy,MN.AQU,6,6,-1.2941610052756485,0.5655499475823372,2.6835987884753885,4.570287387251039
2008-02-29 03:34:56.411816416+00:00,2008-03-30 03:34:56.411816416+00:00,106,11,,,False,6.731512655811219,-5.891109229835783e-07,,,null_A,Italy,MN.AQU,6,5,-0.8982956349991655,0.4580505611361768,3.288590238340936,4.374486398888776
2009-06-16 03:10:04.549135424+00:00,2009-07-16 03:10:04.549135424+00:00,188,14,,,False,6.932120271352003,-4.3260077797562436e-07,,,null_A,Italy,MN.AQU,6,6,-0.2735454712654612,0.3220914905919083,3.77879540671033,4.021928190313298
2023-08-24 08:59:31.874790528+00:00,2023-09-23 08:59:31.874790528+00:00,41,5,,,False,6.464083137289802,7.551863950084941e-07,,,null_A,Italy,MN.AQU,6,6,-0.6303443874707221,0.2876069587152496,3.6100835437326744,4.814547836186305
2008-03-08 00:39:57.324212+00:00,2008-04-07 00:39:57.324212+00:00,48,3,,,False,6.317977030586211,1.229617869995856e-08,,,null_A,Italy,MN.AQU,6,6,-0.7202785702218394,0.4236952020913285,3.615263384147753,4.443628210881859
2016-04-05 22:01:19.312163904+00:00,2016-05-05 22:01:19.312163904+00:00,36,2,,,False,6.116829044090631,-1.1857854399470995e-07,,,null_A,Italy,MN.AQU,6,6,-0.20038809895150225,0.13075088276413696,3.9189519312538246,4.499626099453089
2013-04-10 23:39:32.043198784+00:00,2013-05-10 23:39:32.043198784+00:00,77,9,,,False,6.55818032220251,-1.8241889495120413e-07,,,null_A,Italy,MN.AQU,6,6,-0.1489360045928846,0.2026414512231793,3.8183468777634455,4.507516137535634
2015-10-09 21:31:41.112860288+00:00,2015-11-08 21:31:41.112860288+00:00,44,5,,,False,6.442541056753702,-1.8039196029634205e-07,,,null_A,Italy,MN.AQU,6,5,-0.17001656601380483,0.2360887393420744,3.688358244746992,4.533969693076679
2007-03-08 02:28:45.096766304+00:00,2007-04-07 02:28:45.096766304+00:00,68,2,,,False,6.3494387397357634,1.0722348505911962e-07,,,null_A,Italy,MN.AQU,6,5,-0.47357645812190957,0.2553374883599653,3.5318791200931563,4.699355201404471
2018-04-25 00:14:43.716253824+00:00,2018-05-25 00:14:43.716253824+00:00,81,3,,,False,6.5415000780622785,-1.8770378957750825e-07,,,null_A,Italy,MN.AQU,6,0,,,,
2017-04-25 02:12:28.811736128+00:00,2017-05-25 02:12:28.811736128+00:00,90,4,,,False,6.590291808108843,-5.683108923432537e-07,,,null_A,Italy,MN.AQU,6,6,-0.06805379746155116,0.31392075020002647,3.7907593522002494,4.659793284416777
2021-06-13 04:38:49.239664640+00:00,2021-07-13 04:38:49.239664640+00:00,33,1,,,False,6.005553245641421,-2.447705692423e-08,,,null_A,Italy,MN.AQU,6,6,-0.5066800382765205,0.2875675092682325,3.849329892927555,4.791037748141963
2018-01-31 11:34:42.828568640+00:00,2018-03-02 11:34:42.828568640+00:00,64,4,,,False,6.465527465625248,5.3192240173590834e-08,,,null_A,Italy,MN.AQU,6,0,,,,
2002-02-08 12:05:57.593905152+00:00,2002-03-10 12:05:57.593905152+00:00,56,4,,,False,6.253059323227048,-3.671262787625604e-07,,,null_A,Italy,MN.AQU,6,6,-1.5035201652360801,0.5862160053097055,2.5918337269441363,4.722405792013796
2003-06-05 02:21:51.722379776+00:00,2003-07-05 02:21:51.722379776+00:00,88,4,,,False,6.4227063057406335,9.859633991348484e-08,,,null_A,Italy,MN.AQU,6,6,-0.046448315657691426,0.2492733464208877,3.8719583104223485,4.67390031499626
2014-10-17 19:12:46.632989184+00:00,2014-11-16 19:12:46.632989184+00:00,58,1,,,False,6.327923371806892,4.4729996513572364e-08,,,null_A,Italy,MN.AQU,6,5,-0.3888580891428049,0.33704439134489367,3.7321275728280745,4.5908291554518845
2019-07-03 10:12:34.629132928+00:00,2019-08-02 10:12:34.629132928+00:00,49,3,,,False,6.294581140030461,1.1916403654514235e-07,,,null_A,Italy,MN.AQU,6,6,-0.7978915782266115,0.3152262454322552,3.289454044271036,4.94847651153389
2023-07-29 14:38:27.552330624+00:00,2023-08-28 14:38:27.552330624+00:00,43,4,,,False,6.320560418509776,-3.2462005523060263e-08,,,null_A,Italy,MN.AQU,6,6,-1.3777434534622204,0.4041230348289196,2.7215579334629356,4.940874992605406
2006-04-25 15:06:20.114389344+00:00,2006-05-25 15:06:20.114389344+00:00,118,2,,,False,6.577115228075784,7.133537016659493e-08,,,null_A,Italy,MN.AQU,6,6,-1.076032431529496,0.48230793176884906,3.378393453920578,3.8307611895142215
2014-09-14 23:31:24.269750592+00:00,2014-10-14 23:31:24.269750592+00:00,78,5,,,False,6.546311758832658,7.218100472038564e-08,,,null_A,Italy,MN.AQU,6,6,-0.0861446436918692,0.23201556453636005,3.9040620218364306,4.597381102861612
2011-08-12 14:08:13.558899648+00:00,2011-09-11 14:08:13.558899648+00:00,91,2,,,False,6.5349917885157245,3.6966547183400106e-07,,,null_A,Italy,MN.AQU,6,6,-1.7000099231180006,0.6022780298827101,3.0519262689014464,4.379965487403822
2013-01-09 03:34:15.262313856+00:00,2013-02-08 03:34:15.262313856+00:00,61,8,,,False,6.55856317437746,-5.6879702978451024e-08,,,null_A,Italy,MN.AQU,6,6,-0.4915802966736398,0.2064027888564095,3.546896235762785,4.508844189036491
2019-01-14 05:22:31.922936704+00:00,2019-02-13 05:22:31.922936704+00:00,42,3,,,False,6.2563326604482485,5.486273482838044e-08,,,null_A,Italy,MN.AQU,6,0,,,,
2016-05-23 22:27:25.271350400+00:00,2016-06-22 22:27:25.271350400+00:00,53,4,,,False,6.349536846936361,-2.528258009779153e-07,,,null_A,Italy,MN.AQU,6,6,-0.06669654092074147,0.10188154353701669,3.901868139707922,4.490373874252924
2010-06-07 09:31:03.231715520+00:00,2010-07-07 09:31:03.231715520+00:00,133,5,,,False,6.667586458251302,-2.022270526450754e-07,,,null_A,Italy,MN.AQU,6,5,-1.1169000629470445,0.5281124818570506,3.236176991405304,4.384641348255113
2019-04-18 20:38:13.020502912+00:00,2019-05-18 20:38:13.020502912+00:00,46,0,,,False,6.237937295774324,-1.0902783471449333e-07,,,null_A,Italy,MN.AQU,6,5,-0.5208945941007761,0.26157717412335557,3.7702203903740723,4.52150123097337
2008-04-25 01:14:02.050306560+00:00,2008-05-25 01:14:02.050306560+00:00,88,6,,,False,6.550977882754977,7.635953541645293e-08,,,null_A,Italy,MN.AQU,6,6,-0.5043039461767219,0.2813960169932488,3.7489094506109315,4.373632242935984
2019-01-01 13:29:00.916000768+00:00,2019-01-31 13:29:00.916000768+00:00,45,7,,,False,6.366232656687898,-2.645838324178435e-07,,,null_A,Italy,MN.AQU,6,0,,,,
2009-07-21 05:23:07.841331456+00:00,2009-08-20 05:23:07.841331456+00:00,138,5,,,False,6.683664608881,-2.0766145286179797e-07,,,null_A,Italy,MN.AQU,6,5,-0.5280349230308177,0.2718120652569599,3.7791277182166367,4.204755094122895
2018-03-08 14:46:15.885736256+00:00,2018-04-07 14:46:15.885736256+00:00,53,5,,,False,6.363747589353969,2.140983810463295e-07,,,null_A,Italy,MN.AQU,6,0,,,,
2019-06-12 06:52:37.795737600+00:00,2019-07-12 06:52:37.795737600+00:00,44,2,,,False,6.204817497864717,5.2343267797389336e-08,,,null_A,Italy,MN.AQU,6,6,-0.823063992775826,0.39264446225725563,3.505123039761647,4.756074466803476
2009-05-18 21:01:21.529475840+00:00,2009-06-17 21:01:21.529475840+00:00,128,3,,,False,6.566357524607777,-9.618852253536561e-08,,,null_A,Italy,MN.AQU,6,6,-0.23473014071932596,0.11971057450743096,3.809617842763444,4.1689878719877544
2017-11-20 01:51:59.380903872+00:00,2017-12-20 01:51:59.380903872+00:00,51,5,,,False,6.326681922501913,2.800029758039527e-07,,,null_A,Italy,MN.AQU,6,6,-0.7153944846591594,0.38092770828403805,3.1829992871338653,4.682054806535255
2023-09-14 15:24:34.062123520+00:00,2023-10-14 15:24:34.062123520+00:00,60,4,,,False,6.5614177228030215,-5.686579849570569e-07,,,null_A,Italy,MN.AQU,6,6,-1.4869835173271593,0.6926709014260862,2.9953675937983006,3.9434328872589477
2015-11-16 17:23:13.298060480+00:00,2015-12-16 17:23:13.298060480+00:00,53,9,,,False,6.541459801656046,2.805050905223951e-07,,,null_A,Italy,MN.AQU,6,6,-1.2837588830852524,0.5800934441391358,3.0656411245249777,3.9827291760169405
2014-08-29 10:26:12.921480320+00:00,2014-09-28 10:26:12.921480320+00:00,65,6,,,False,6.435113110674668,5.77529444584483e-08,,,null_A,Italy,MN.AQU,6,4,-1.14907830629422,0.5230899105734634,2.962361776973494,4.723530244714894
2000-04-22 11:22:42.347973712+00:00,2000-05-22 11:22:42.347973712+00:00,341,27,,,False,7.180961631836874,1.4599235363811477e-07,,,null_A,Italy,MN.AQU,6,5,-0.7061931265131551,0.4080596184839478,3.1648159549688955,4.6557935757821545
2020-07-26 17:43:34.626790144+00:00,2020-08-25 17:43:34.626790144+00:00,79,3,,,False,6.480303765660419,-2.809461566547668e-07,,,null_A,Italy,MN.AQU,6,6,-0.4966007718189552,0.32432657129185366,3.6550755817827145,4.396037917412004
2011-01-09 03:37:41.117596544+00:00,2011-02-08 03:37:41.117596544+00:00,48,4,,,False,6.284987739904697,-1.361203113486524e-07,,,null_A,Italy,MN.AQU,6,0,,,,
2019-06-21 07:40:47.904256128+00:00,2019-07-21 07:40:47.904256128+00:00,39,2,,,False,6.175426887665383,-5.3146166862131314e-08,,,null_A,Italy,MN.AQU,6,6,-0.7105640295094876,0.37571083798970495,3.5500530402878834,4.745398098761836
2021-11-28 09:28:43.613088+00:00,2021-12-28 09:28:43.613088+00:00,65,5,,,False,6.469331033304796,1.1155256587501768e-07,,,null_A,Italy,MN.AQU,6,6,-1.4532177180281456,0.5638592565926196,2.329120366527546,4.6890814339116265
2007-01-28 10:45:36.249876544+00:00,2007-02-27 10:45:36.249876544+00:00,64,6,,,False,6.471431968563209,-2.0278236688505589e-07,,,null_A,Italy,MN.AQU,6,6,-0.9866810048893689,0.38918796824438545,3.0435669495295854,4.836586315360611
2024-11-23 16:30:03.313930368+00:00,2024-12-23 16:30:03.313930368+00:00,82,7,,,False,6.601342887831607,-2.0819047023242473e-07,,,null_A,Italy,MN.AQU,6,6,-1.9129790501169481,0.6900289163328108,2.1441432282743187,4.446477685124103
2016-03-14 12:10:17.438338368+00:00,2016-04-13 12:10:17.438338368+00:00,41,2,,,False,6.148413172012248,1.6422722717621597e-07,,,null_A,Italy,MN.AQU,6,6,-1.2641012759764723,0.3992932890676792,2.6115603829918057,4.78043784371172
2000-09-21 10:29:50.145200548+00:00,2000-10-21 10:29:50.145200548+00:00,75,5,,,False,6.438531000183903,1.575408790588498e-07,,,null_A,Italy,MN.AQU,6,6,-1.4696557517990005,0.6047996563803169,2.207976393340147,4.70695595182536
2006-01-01 08:37:38.970567296+00:00,2006-01-31 08:37:38.970567296+00:00,103,7,,,False,6.573003204959305,-3.879163570316433e-07,,,null_A,Italy,MN.AQU,6,6,-1.417152736272273,0.5381554955133176,2.4397360222826676,4.77157449330903
2019-05-11 03:02:10.128829056+00:00,2019-06-10 03:02:10.128829056+00:00,45,3,,,False,6.2343789683352275,9.57580249170944e-08,,,null_A,Italy,MN.AQU,6,6,-0.4805076713178649,0.29946614152948386,3.685413967865107,4.593824704219038
2016-05-09 10:13:21.991105728+00:00,2016-06-08 10:13:21.991105728+00:00,57,5,,,False,6.380374947283478,1.939925729391423e-07,,,null_A,Italy,MN.AQU,6,6,-0.7134659697265362,0.25343858214656706,3.247791630097405,4.918756895151311
2000-02-19 22:07:40.172143916+00:00,2000-03-20 22:07:40.172143916+00:00,80,1,,,False,6.3804636325132496,1.474113167937588e-07,,,null_A,Italy,MN.AQU,6,6,-0.33358054838855405,0.18500235302839893,3.7695854040925263,4.305325048642232
2005-12-11 15:38:34.379245280+00:00,2006-01-10 15:38:34.379245280+00:00,118,6,,,False,6.59097781170026,6.47061322116574e-08,,,null_A,Italy,MN.AQU,6,6,-2.1844351767813683,0.7192941308614818,1.891629875867811,4.330359737659398
2023-02-13 16:16:09.861533568+00:00,2023-03-15 16:16:09.861533568+00:00,43,8,,,False,6.509061336468643,2.812999883859676e-07,,,null_A,Italy,MN.AQU,6,6,-1.4837712745703626,0.5415414498363167,2.9012955726046683,4.270730415453459
2019-03-29 17:14:35.740698624+00:00,2019-04-28 17:14:35.740698624+00:00,48,3,,,False,6.30115698976077,3.85752800820266e-10,,,null_A,Italy,MN.AQU,6,6,-0.8262462873820932,0.4251874267646129,3.5685140963163904,4.166923487095814
2017-05-25 07:58:55.711530752+00:00,2017-06-24 07:58:55.711530752+00:00,71,4,,,False,6.4380380258126415,-3.0178900719146497e-07,,,null_A,Italy,MN.AQU,6,6,-0.4296747909876801,0.2283042170292732,3.8028499801527573,4.883874469901846
2012-07-28 09:46:50.035504192+00:00,2012-08-27 09:46:50.035504192+00:00,62,5,,,False,6.442572091003617,2.513393375620297e-09,,,null_A,Italy,MN.AQU,6,6,-0.6377467410252982,0.26383191886582,3.561045465719095,5.10304741205512
2015-09-13 10:48:42.441004672+00:00,2015-10-13 10:48:42.441004672+00:00,49,2,,,False,6.258873938215979,-4.79169107898399e-08,,,null_A,Italy,MN.AQU,6,6,-1.4945858094981193,0.48225243850981186,2.391660799094694,4.859814981356328
2003-11-14 03:33:33.719191376+00:00,2003-12-14 03:33:33.719191376+00:00,72,3,,,False,6.214702262196325,8.10563849904323e-08,,,null_A,Italy,MN.AQU,6,6,-0.43711052433712544,0.2762722568264861,3.7402864019323103,4.6797020087788805
2018-04-22 12:48:59.783555712+00:00,2018-05-22 12:48:59.783555712+00:00,86,3,,,False,6.5621082007801075,-2.048768021468057e-07,,,null_A,Italy,MN.AQU,6,0,,,,
2017-09-09 13:57:56.280028032+00:00,2017-10-09 13:57:56.280028032+00:00,60,1,,,False,6.281651873225311,-1.1196345794130016e-08,,,null_A,Italy,MN.AQU,6,6,-1.603913685077196,0.5050700948884835,2.2709013700375063,4.858895011700982
2022-01-12 09:46:29.957814016+00:00,2022-02-11 09:46:29.957814016+00:00,49,6,,,False,6.447350487579309,3.310969377919345e-07,,,null_A,Italy,MN.AQU,6,6,-1.563927046364685,0.555989081737093,2.67930867234343,4.707367622716749
2017-09-06 14:40:00.390259648+00:00,2017-10-06 14:40:00.390259648+00:00,48,1,,,False,6.213049062695453,-2.4131365120377993e-08,,,null_A,Italy,MN.AQU,6,6,-1.7577804781081798,0.6393010097567283,2.5310080034556637,4.388308252979937
2019-07-16 16:25:51.142145536+00:00,2019-08-15 16:25:51.142145536+00:00,55,5,,,False,6.437857309213035,1.466470683275531e-07,,,null_A,Italy,MN.AQU,6,6,-1.1426540501905247,0.4981452793359735,3.2257224836857223,3.9865411663567825
2015-11-10 16:00:41.029924480+00:00,2015-12-10 16:00:41.029924480+00:00,56,10,,,False,6.555618829759211,4.642675753006813e-07,,,null_A,Italy,MN.AQU,6,6,-1.754687621301704,0.6651591260312825,2.693374804148393,3.580847427069929
2023-07-29 14:04:15.747969536+00:00,2023-08-28 14:04:15.747969536+00:00,43,4,,,False,6.320560418509776,-3.2462005523060416e-08,,,null_A,Italy,MN.AQU,6,6,-1.3056345264564673,0.3665758368839334,2.686492114013589,4.96210012872558
2014-05-28 05:31:19.855039296+00:00,2014-06-27 05:31:19.855039296+00:00,53,4,,,False,6.36348618001983,-1.9790313023991003e-07,,,null_A,Italy,MN.AQU,6,6,-0.5828312330359041,0.347052779656519,3.809507062153011,4.653915579577841
2017-06-09 09:31:19.733271424+00:00,2017-07-09 09:31:19.733271424+00:00,66,4,,,False,6.477130626238011,2.227111156888792e-07,,,null_A,Italy,MN.AQU,6,6,-0.34181491020576443,0.1499526943298826,3.8300677316379246,4.905248730231346
2016-03-06 09:21:38.513797696+00:00,2016-04-05 09:21:38.513797696+00:00,43,2,,,False,6.135413421450668,3.024268811336841e-08,,,null_A,Italy,MN.AQU,6,6,-1.2640990929424056,0.45198859975469247,2.683820496879117,4.831880886607761
2010-01-25 18:06:34.434269056+00:00,2010-02-24 18:06:34.434269056+00:00,80,2,,,False,6.486935496501588,-8.090090039318274e-08,,,null_A,Italy,MN.AQU,6,5,-1.5602822999333603,0.6777432533121248,2.564211492276193,4.140318293587734
2011-10-26 01:41:30.847145024+00:00,2011-11-25 01:41:30.847145024+00:00,88,9,,,False,6.573564348558524,-1.0994835047527652e-07,,,null_A,Italy,MN.AQU,6,6,-0.32969941932039987,0.15561674888643362,3.699314597877768,4.5087566499320015
2010-08-30 23:49:25.580827136+00:00,2010-09-29 23:49:25.580827136+00:00,109,0,,,False,6.5094104715090335,1.5559865623189732e-08,,,null_A,Italy,MN.AQU,6,6,-0.49613660595334524,0.22256415836584367,3.622192488050066,4.3897451715587685
2015-10-25 11:22:18.584289216+00:00,2015-11-24 11:22:18.584289216+00:00,49,5,,,False,6.352724925143269,-5.5670677278164596e-08,,,null_A,Italy,MN.AQU,6,6,-1.1462205188305317,0.49878643780969084,2.942915570135476,4.7562578220053595
2010-04-06 12:44:49.627184256+00:00,2010-05-06 12:44:49.627184256+00:00,84,4,,,False,6.47830486534751,-4.3978373813830586e-07,,,null_A,Italy,MN.AQU,6,6,-1.9087946230342758,0.6851313473042934,2.3479971255202856,4.273238501931184
2010-03-09 23:22:53.691714880+00:00,2010-04-08 23:22:53.691714880+00:00,72,1,,,False,6.390679447027477,1.1102931464879124e-08,,,null_A,Italy,MN.AQU,6,6,-0.4840116751584147,0.27785894469656336,3.8144741090927083,4.404756804553177
2005-06-04 05:06:28.698139264+00:00,2005-07-04 05:06:28.698139264+00:00,94,1,,,False,6.476567210416236,1.602324074631979e-07,,,null_A,Italy,MN.AQU,6,6,-0.4575547239557393,0.26863390466693965,3.8290642119796687,4.659610041707804
2016-04-03 07:05:47.812402560+00:00,2016-05-03 07:05:47.812402560+00:00,39,3,,,False,6.165740948016353,-1.403843824423973e-07,,,null_B,Italy,MN.AQU,6,6,-0.7763577559928004,0.3606766129188002,3.513066768448827,4.767707739145933
2001-02-02 22:00:32.207764516+00:00,2001-03-04 22:00:32.207764516+00:00,67,6,,,False,6.442995516753123,1.8197183739599677e-07,,,null_B,Italy,MN.AQU,6,6,-0.5962400732002399,0.2954677381283651,3.49386134518944,4.526479851766711
2014-08-19 06:53:44.407116416+00:00,2014-09-18 06:53:44.407116416+00:00,55,8,,,False,6.3974080301577745,-1.5274233260779275e-07,,,null_B,Italy,MN.AQU,6,5,-0.6793543675090559,0.38233374762298045,3.6319619892990693,4.746142429470337
2018-09-25 19:33:05.014915840+00:00,2018-10-25 19:33:05.014915840+00:00,57,1,,,False,6.334871674735793,-2.9838975719947936e-07,,,null_B,Italy,MN.AQU,6,0,,,,
2006-07-28 10:53:12.099487872+00:00,2006-08-27 10:53:12.099487872+00:00,62,3,,,False,6.344457038393754,7.644600806192288e-08,,,null_B,Italy,MN.AQU,6,5,-1.0553780947677869,0.43380525625968147,3.0636373492973212,4.852691556364179
2010-06-19 20:41:02.224067648+00:00,2010-07-19 20:41:02.224067648+00:00,112,5,,,False,6.579048307169265,8.185168280264664e-08,,,null_B,Italy,MN.AQU,6,6,-0.318175323363969,0.16597007915207176,3.7881656872013068,4.3387364051135675
2006-12-11 10:26:28.738031968+00:00,2007-01-10 10:26:28.738031968+00:00,59,3,,,False,6.3750447059061734,-4.726120499276259e-08,,,null_B,Italy,MN.AQU,6,5,-1.1831396064688366,0.45173506141312025,2.8668375354617446,4.793163166269926
2006-12-10 12:52:33.674458752+00:00,2007-01-09 12:52:33.674458752+00:00,55,3,,,False,6.349508320368391,-5.3365701372370987e-08,,,null_B,Italy,MN.AQU,6,4,-1.5812730028206803,0.5326483563317514,2.3461094123756707,4.603874591815526
2010-07-08 06:16:48.952347968+00:00,2010-08-07 06:16:48.952347968+00:00,90,4,,,False,6.487908401122252,-9.303328555190996e-08,,,null_B,Italy,MN.AQU,6,6,-0.8010894045845953,0.5121702436667627,3.561203576592984,4.6195804348326766
2000-02-07 14:47:02.223905533+00:00,2000-03-08 14:47:02.223905533+00:00,74,3,,,False,6.403620803680144,-1.5913967299900464e-07,,,null_B,Italy,MN.AQU,6,6,-1.4611481803009878,0.5972079927439762,2.0519202439788953,3.899611944596523
2007-09-13 02:54:29.000120608+00:00,2007-10-13 02:54:29.000120608+00:00,83,3,,,False,6.435562810289738,-2.550957766656153e-08,,,null_B,Italy,MN.AQU,6,0,,,,
2014-10-13 04:17:22.132892672+00:00,2014-11-12 04:17:22.132892672+00:00,63,1,,,False,6.37378777100885,-8.672085571974609e-08,,,null_B,Italy,MN.AQU,6,6,-0.5583238439595987,0.321909920407315,3.7484756531627323,4.572582363515661
2023-06-30 20:34:58.295114112+00:00,2023-07-30 20:34:58.295114112+00:00,59,6,,,False,6.501123348469141,-2.585945959154452e-08,,,null_B,Italy,MN.AQU,6,6,-0.24670142621316757,0.15039479639275574,3.8061797785455,4.589783582628025
2024-11-12 13:21:41.852811904+00:00,2024-12-12 13:21:41.852811904+00:00,73,7,,,False,6.574660758999799,4.047704678467269e-07,,,null_B,Italy,MN.AQU,6,6,-2.041477247805977,0.573398316313341,1.8318194752745736,4.947818943629635
2000-11-03 19:21:31.122851876+00:00,2000-12-03 19:21:31.122851876+00:00,70,3,,,False,6.362484905005515,-2.2110105476734532e-08,,,null_B,Italy,MN.AQU,6,6,-0.5895910852573252,0.29159651705363226,3.5382523582394363,4.512827869168259
2008-07-08 17:29:21.927957568+00:00,2008-08-07 17:29:21.927957568+00:00,89,2,,,False,6.453906960265567,3.107359823232586e-08,,,null_B,Italy,MN.AQU,6,6,-0.4371882935133542,0.2445304146121471,3.7786429644352038,4.250382059169866
2008-07-04 22:14:07.059910592+00:00,2008-08-03 22:14:07.059910592+00:00,102,2,,,False,6.505447445770358,-8.219140576952063e-08,,,null_B,Italy,MN.AQU,6,6,-0.38099254589391746,0.23302461212448367,3.806429476595289,4.395677262579731
2012-07-28 14:18:53.950129088+00:00,2012-08-27 14:18:53.950129088+00:00,62,5,,,False,6.442572091003617,2.513393375620341e-09,,,null_B,Italy,MN.AQU,6,6,-1.4866637753710068,0.5221246204250806,2.8146712149560416,5.41443458568968
2007-07-29 23:46:43.540096192+00:00,2007-08-28 23:46:43.540096192+00:00,106,7,,,False,6.612570630040177,1.811766590300125e-07,,,null_B,Italy,MN.AQU,6,6,-0.7328204800488617,0.4483909013920105,3.677962620203649,4.365219271363705
2010-05-31 08:53:44.099788928+00:00,2010-06-30 08:53:44.099788928+00:00,124,4,,,False,6.650820522042085,-3.048750891537921e-07,,,null_B,Italy,MN.AQU,6,6,-1.1220113801635556,0.5488253080497641,3.1943035921755416,4.5226764427278265
2010-05-01 13:27:28.824252480+00:00,2010-05-31 13:27:28.824252480+00:00,101,4,,,False,6.5176581158755305,3.646573418899423e-07,,,null_B,Italy,MN.AQU,6,5,-1.8713172188836502,0.6703335636666787,2.3472018788984963,4.657319384625266
2002-04-29 18:48:19.920632448+00:00,2002-05-29 18:48:19.920632448+00:00,84,3,,,False,6.234834841117692,-7.855670104543481e-08,,,null_B,Italy,MN.AQU,6,6,-0.06327626974191276,0.14281822484349832,3.8865369179308558,4.4599135160070595
2014-08-27 01:17:42.909498432+00:00,2014-09-26 01:17:42.909498432+00:00,65,7,,,False,6.453896810066287,-5.6659511113744725e-08,,,null_B,Italy,MN.AQU,6,4,-0.1594829672628129,0.11915404409317612,3.8568993888368146,4.356404309312394
2001-11-05 12:14:48.271965368+00:00,2001-12-05 12:14:48.271965368+00:00,94,6,,,False,6.401193484545153,3.427462380575995e-07,,,null_B,Italy,MN.AQU,6,6,-1.5594583570770322,0.6065595654750155,2.5511393626834002,4.616479418121211
2014-06-20 00:05:10.286596288+00:00,2014-07-20 00:05:10.286596288+00:00,51,1,,,False,6.294674491222183,4.488319809829723e-08,,,null_B,Italy,MN.AQU,6,5,-0.2729865767424949,0.2767994919791144,3.8753616575029057,4.573142009357949
2002-01-24 17:52:03.240572224+00:00,2002-02-23 17:52:03.240572224+00:00,66,4,,,False,6.3027424841169415,2.2511506099614166e-07,,,null_B,Italy,MN.AQU,6,6,-1.0437267659249312,0.3956213629567414,3.1617489521093005,3.7397105170462757
2007-03-13 22:25:00.461047968+00:00,2007-04-12 22:25:00.461047968+00:00,74,3,,,False,6.4023238342838376,-7.027927851432807e-08,,,null_B,Italy,MN.AQU,6,6,-0.4815690888502069,0.3226616063484569,3.629461170788568,4.52958484978093
2002-01-23 14:12:04.075983360+00:00,2002-02-22 14:12:04.075983360+00:00,63,4,,,False,6.2924817280805465,2.3169963269534709e-07,,,null_B,Italy,MN.AQU,6,6,-1.4535149207105917,0.5488214034287829,2.782883708296812,4.491509279873592
2007-12-27 07:10:43.941396992+00:00,2008-01-26 07:10:43.941396992+00:00,77,5,,,False,6.5127781989415885,4.5866457098442234e-08,,,null_B,Italy,MN.AQU,6,4,-0.7463730906558117,0.37382528181512015,3.2904152394260615,4.768081371105436
2010-07-31 00:16:36.870036736+00:00,2010-08-30 00:16:36.870036736+00:00,107,7,,,False,6.5809522728439696,2.195693040119585e-07,,,null_B,Italy,MN.AQU,6,6,-0.523124457768553,0.32391301939631784,3.523064250271403,4.650466032464946
2003-10-11 15:28:33.097469712+00:00,2003-11-10 15:28:33.097469712+00:00,78,4,,,False,6.458486361343972,-1.521836830910529e-07,,,null_B,Italy,MN.AQU,6,6,-1.5766456891446186,0.58197881019837,2.5904370617422634,4.022170153576508
2000-02-06 13:22:00.949379450+00:00,2000-03-07 13:22:00.949379450+00:00,74,3,,,False,6.403955117847696,-1.617471970597434e-07,,,null_B,Italy,MN.AQU,6,6,-1.3276791579313623,0.5617943370684335,2.4331288970629417,4.448632916543849
2014-04-18 07:20:48.988445632+00:00,2014-05-18 07:20:48.988445632+00:00,63,5,,,False,6.416672644463309,-5.9470437467003476e-08,,,null_B,Italy,MN.AQU,6,6,-0.7929073175741798,0.3567807217821088,3.292539878397312,4.802330725131159
2019-12-20 15:46:26.752684928+00:00,2020-01-19 15:46:26.752684928+00:00,43,1,,,False,6.165270031169089,-5.2697224345125464e-08,,,null_B,Italy,MN.AQU,6,6,-2.4615897280339616,0.7762091060839565,1.8064964150279499,4.026736904469936
2019-01-08 01:38:19.000258048+00:00,2019-02-07 01:38:19.000258048+00:00,41,5,,,False,6.270766995677683,-4.7674724023558474e-08,,,null_B,Italy,MN.AQU,6,0,,,,
2008-01-09 16:28:48.629639712+00:00,2008-02-08 16:28:48.629639712+00:00,65,2,,,False,6.363467202775083,-2.0629211805405805e-07,,,null_B,Italy,MN.AQU,6,2,-1.8728424979601936,0.786669420091477,2.3375128917471253,4.188004940456258
2021-11-24 21:38:36.527286656+00:00,2021-12-24 21:38:36.527286656+00:00,67,4,,,False,6.470289386669725,-1.5477286233753861e-07,,,null_B,Italy,MN.AQU,6,6,-1.0682693496751074,0.5247308677318746,3.127739268147606,4.459051349255504
2020-08-17 09:20:05.520485632+00:00,2020-09-16 09:20:05.520485632+00:00,51,5,,,False,6.371932027488486,-1.7846309216887644e-07,,,null_B,Italy,MN.AQU,6,6,-1.0398191190387056,0.4192726604341854,3.0266691747064556,4.898264312614442
2012-06-22 10:00:56.484958336+00:00,2012-07-22 10:00:56.484958336+00:00,89,3,,,False,6.5299540109462075,-2.3354840334142985e-07,,,null_B,Italy,MN.AQU,6,5,-0.48368867237850444,0.1954389151495008,3.7058128317552756,5.074122864344423
2022-11-30 01:14:36.958705280+00:00,2022-12-30 01:14:36.958705280+00:00,85,10,,,False,6.622477989318614,-5.563305727224202e-07,,,null_B,Italy,MN.AQU,6,6,0.06563521484496888,0.070070804021864,3.9113578437698187,4.767770384589642
2021-12-13 11:09:20.019637888+00:00,2022-01-12 11:09:20.019637888+00:00,56,4,,,False,6.345433970958484,-3.028030755953171e-07,,,null_B,Italy,MN.AQU,6,6,-1.6772139915339395,0.5919209638591317,2.22940580903824,4.73889103051035
2016-06-02 10:09:44.886087936+00:00,2016-07-02 10:09:44.886087936+00:00,48,5,,,False,6.377243425351847,2.567114490346337e-07,,,null_B,Italy,MN.AQU,6,5,-0.7354236450084995,0.30231902912880393,3.2784461737335198,4.938104780842412
2020-08-28 19:12:14.201249664+00:00,2020-09-27 19:12:14.201249664+00:00,57,5,,,False,6.443355540448725,2.0182429653903362e-07,,,null_B,Italy,MN.AQU,6,6,-0.5466157173166882,0.3589195078949252,3.624265627849759,4.540596965240427
2017-02-13 11:14:14.713532864+00:00,2017-03-15 11:14:14.713532864+00:00,127,8,,,False,6.732697794206282,1.9802670523169945e-07,,,null_B,Italy,MN.AQU,6,6,-1.2541919013132403,0.4651560573648565,2.7557749686285713,4.660627066264031
2015-07-22 11:45:27.039054912+00:00,2015-08-21 11:45:27.039054912+00:00,64,4,,,False,6.43755603744571,-2.3854585455265493e-07,,,null_B,Italy,MN.AQU,6,6,-1.0001618999395017,0.38325574550499814,3.011568917674683,4.975188829168831
2010-01-05 01:39:25.993049024+00:00,2010-02-04 01:39:25.993049024+00:00,120,7,,,False,6.680940088283656,-8.591848223424468e-07,,,null_B,Italy,MN.AQU,6,5,-0.6520527643725565,0.3410224603781195,3.478243871893514,4.468337111185013
2009-12-15 13:07:50.832493056+00:00,2010-01-14 13:07:50.832493056+00:00,204,12,,,False,6.899247532185772,-7.688367739762201e-07,,,null_B,Italy,MN.AQU,6,0,,,,
2021-12-21 10:05:03.490333312+00:00,2022-01-20 10:05:03.490333312+00:00,54,4,,,False,6.327211415021513,-1.3994581669458416e-07,,,null_B,Italy,MN.AQU,6,6,-1.2232942448247943,0.48157231280503615,2.7750824201599875,4.746725876775294
2015-12-27 06:03:17.129366528+00:00,2016-01-26 06:03:17.129366528+00:00,65,8,,,False,6.563858145355342,2.35442272700056e-07,,,null_B,Italy,MN.AQU,6,6,-0.8231293743575194,0.4774964461065916,3.320341493577795,4.684945542659884
2020-07-27 08:01:05.204666112+00:00,2020-08-26 08:01:05.204666112+00:00,79,3,,,False,6.480303765660419,-2.809461566547666e-07,,,null_B,Italy,MN.AQU,6,6,-0.7693083175415979,0.3432212453004584,3.3688807617509053,4.8601230028951985
2012-07-11 13:39:40.612031680+00:00,2012-08-10 13:39:40.612031680+00:00,65,4,,,False,6.3788562851224695,3.1996701678968078e-09,,,null_B,Italy,MN.AQU,6,5,-1.4849473887912716,0.47483524379329767,2.6730551733758823,5.286914490120615
2017-05-31 10:48:21.228370688+00:00,2017-06-30 10:48:21.228370688+00:00,65,6,,,False,6.473441176387749,2.099372831723259e-08,,,null_B,Italy,MN.AQU,6,6,-1.14544378398315,0.4918690848314551,3.085534268165515,4.949266007387788
2017-04-23 01:44:55.357804096+00:00,2017-05-23 01:44:55.357804096+00:00,96,5,,,False,6.641429991795892,-8.570788748151414e-07,,,null_B,Italy,MN.AQU,6,6,-0.5798730469942756,0.3833603231327811,3.7155453230878543,4.568183813622712
2005-06-21 00:05:59.153259296+00:00,2005-07-21 00:05:59.153259296+00:00,81,2,,,False,6.494872119032728,1.8339154999923892e-08,,,null_B,Italy,MN.AQU,6,6,-0.33956458697934794,0.17542700060364777,3.6704409331305707,4.306744277927887
2023-02-05 20:15:58.526450048+00:00,2023-03-07 20:15:58.526450048+00:00,49,7,,,False,6.460936296089618,-5.966364831578348e-08,,,null_B,Italy,MN.AQU,6,6,-0.5248107432079521,0.31788596653439616,3.5375842235476838,4.7227321631095
2016-05-26 18:23:24.833854336+00:00,2016-06-25 18:23:24.833854336+00:00,54,6,,,False,6.4266519728688705,-1.748867796327295e-07,,,null_B,Italy,MN.AQU,6,6,-0.1782313264258761,0.11853062139224015,3.9186248160547508,4.615546178362948
2009-01-11 10:00:39.531142336+00:00,2009-02-10 10:00:39.531142336+00:00,54,7,,,False,6.41905185013145,1.937295432148716e-07,,,null_B,Italy,MN.AQU,6,6,-1.4759116368546152,0.562320317435602,2.3435309731489595,4.773149668174977
2007-01-06 12:58:06.337769824+00:00,2007-02-05 12:58:06.337769824+00:00,47,3,,,False,6.2961923188113955,5.453725370919051e-08,,,null_B,Italy,MN.AQU,6,6,-1.5246292489131168,0.5573248434301578,2.4864221961232054,4.70093839684853
2024-10-01 04:23:48.624268416+00:00,2024-10-31 04:23:48.624268416+00:00,67,2,,,False,6.37561482847353,-3.9939280539646995e-08,,,null_B,Italy,MN.AQU,6,6,-0.5959653246571813,0.31751542661078463,3.6753860903386673,4.597211191313161
2007-01-23 10:48:38.702314016+00:00,2007-02-22 10:48:38.702314016+00:00,55,5,,,False,6.418821179432497,-1.013926172629522e-07,,,null_B,Italy,MN.AQU,6,6,-1.1551006065270109,0.4491520911010975,2.8368871760962677,4.701797613915428
2018-02-13 21:24:53.921964096+00:00,2018-03-15 21:24:53.921964096+00:00,72,3,,,False,6.517710462476234,-1.4067234110457222e-07,,,null_B,Italy,MN.AQU,6,0,,,,
2018-10-03 15:08:04.775987456+00:00,2018-11-02 15:08:04.775987456+00:00,52,1,,,False,6.256314166131503,-1.7995956078153533e-08,,,null_B,Italy,MN.AQU,6,0,,,,
2009-01-16 02:09:50.703171424+00:00,2009-02-15 02:09:50.703171424+00:00,57,7,,,False,6.410106273846266,9.999344942638629e-08,,,null_B,Italy,MN.AQU,6,6,-1.0355882397812222,0.5762356125481217,3.273058907525307,4.486558771663484
2006-08-13 04:50:21.535599840+00:00,2006-09-12 04:50:21.535599840+00:00,85,4,,,False,6.512787912923916,1.4615960448460285e-07,,,null_B,Italy,MN.AQU,6,3,-0.7334537136708633,0.4369136652601804,3.5775164128123262,4.729710305211677
2018-03-17 17:51:37.440015616+00:00,2018-04-16 17:51:37.440015616+00:00,62,6,,,False,6.469676188371951,5.818237903598593e-08,,,null_B,Italy,MN.AQU,6,0,,,,
2005-06-11 09:49:11.682479296+00:00,2005-07-11 09:49:11.682479296+00:00,90,1,,,False,6.467397160507626,1.0771702420505954e-07,,,null_B,Italy,MN.AQU,6,6,-0.6518084104907303,0.3336649161848659,3.615872376960297,4.761163523074439
2019-04-03 14:26:24.171189504+00:00,2019-05-03 14:26:24.171189504+00:00,45,2,,,False,6.235689010682473,7.563778217535045e-08,,,null_B,Italy,MN.AQU,6,6,-1.7014304241246592,0.6672326293037605,2.4880188830207324,4.505347234084404
2007-01-13 20:55:57.429291168+00:00,2007-02-12 20:55:57.429291168+00:00,49,3,,,False,6.326290406119496,5.005450970941435e-07,,,null_B,Italy,MN.AQU,6,6,-0.3649068082549596,0.28796308371386564,3.7555823721985013,4.445075066656592
2015-12-15 21:51:00.646320512+00:00,2016-01-14 21:51:00.646320512+00:00,51,5,,,False,6.465497459866316,4.16204641796968e-07,,,null_B,Italy,MN.AQU,6,6,-0.07532282282047766,0.24915573364235377,3.8556934234190297,4.612321916672165
2022-11-25 12:47:16.555332992+00:00,2022-12-25 12:47:16.555332992+00:00,85,10,,,False,6.622769018178912,-4.240030935896533e-07,,,null_B,Italy,MN.AQU,6,6,-1.545189648312132,0.508079430092598,2.2855403760774893,4.929175659772422
2021-12-01 16:14:13.849363712+00:00,2021-12-31 16:14:13.849363712+00:00,52,4,,,False,6.368600992408844,3.97350763048748e-07,,,null_B,Italy,MN.AQU,6,6,-2.373673753729116,0.7656456838030182,2.0928477975764825,3.9125297288767187
2015-02-16 05:51:19.165830400+00:00,2015-03-18 05:51:19.165830400+00:00,57,6,,,False,6.424609720545016,-5.0234868282374563e-08,,,null_B,Italy,MN.AQU,6,5,-0.8779293480975123,0.45314855442809954,3.385137036142802,4.6517986156641715
2018-10-10 21:42:32.019134592+00:00,2018-11-09 21:42:32.019134592+00:00,46,1,,,False,6.17763266275208,6.897115183538413e-08,,,null_B,Italy,MN.AQU,6,0,,,,
2014-03-28 12:11:23.828142464+00:00,2014-04-27 12:11:23.828142464+00:00,68,5,,,False,6.482113096373283,-1.984186909475256e-07,,,null_B,Italy,MN.AQU,6,6,-1.613309997377721,0.5437436170278624,2.333227518664353,4.676484935607503
2023-12-14 05:43:40.325134464+00:00,2024-01-13 05:43:40.325134464+00:00,40,3,,,False,6.286369949168273,9.174955249999628e-08,,,null_B,Italy,MN.AQU,6,6,-0.8154509248809717,0.4352079409591967,3.418867502259871,4.797091578030759
2016-03-29 19:55:18.875553024+00:00,2016-04-28 19:55:18.875553024+00:00,45,3,,,False,6.208976228848052,-7.195539858719287e-08,,,null_B,Italy,MN.AQU,6,6,0.016676453457965996,0.15532827984517555,3.923192500816327,4.596052700658332
2010-09-02 19:07:54.137861248+00:00,2010-10-02 19:07:54.137861248+00:00,106,0,,,False,6.488976572815882,-7.273413027655622e-08,,,null_B,Italy,MN.AQU,6,5,-1.2140241501457458,0.4760845524558926,3.4777702732187334,4.169559722821662
2002-06-25 01:01:17.534474384+00:00,2002-07-25 01:01:17.534474384+00:00,92,2,,,False,6.3607994269379216,2.8153575901168572e-08,,,null_B,Italy,MN.AQU,6,6,-0.15763110824274443,0.14481946036523816,3.769757001054048,4.555269794623488
2007-08-02 19:26:28.642090752+00:00,2007-09-01 19:26:28.642090752+00:00,90,5,,,False,6.4998087217642615,1.4298910433584908e-07,,,null_B,Italy,MN.AQU,6,5,-0.6360070084824022,0.31991334685505984,3.605813085546372,4.537617651628566
2015-12-06 09:08:54.485352960+00:00,2016-01-05 09:08:54.485352960+00:00,50,4,,,False,6.369648609750153,-1.1838084135693509e-07,,,null_B,Italy,MN.AQU,6,6,-0.8372307271127171,0.3379611347531631,3.4295190398988247,4.841498499281163
2023-12-02 01:36:48.520895616+00:00,2024-01-01 01:36:48.520895616+00:00,38,2,,,False,6.24680913284285,-2.128162870361556e-08,,,null_B,Italy,MN.AQU,6,6,-0.38510546648282057,0.2789546074989293,3.718244619607019,4.534515468191982
2005-04-03 19:30:42.468885952+00:00,2005-05-03 19:30:42.468885952+00:00,102,6,,,False,6.5731683087491355,-4.1922476383189966e-08,,,null_B,Italy,MN.AQU,6,6,-0.42881284721326746,0.26738923366341655,3.6939850278695556,4.467727966556923
2019-12-11 13:32:00.024291200+00:00,2020-01-10 13:32:00.024291200+00:00,47,1,,,False,6.236859332740253,1.5781747452305302e-07,,,null_B,Italy,MN.AQU,6,6,-2.040225145694872,0.6437977848809264,1.9976425596165555,4.794658282607333
2015-06-22 09:44:00.048224960+00:00,2015-07-22 09:44:00.048224960+00:00,55,1,,,False,6.259666392669316,-1.285463226356757e-07,,,null_B,Italy,MN.AQU,6,6,-0.537864503467289,0.2208011425167903,3.5158629102992145,4.939502762753332
2020-01-16 16:13:03.391299072+00:00,2020-02-15 16:13:03.391299072+00:00,72,2,,,False,6.441141145473791,-2.310290596118408e-07,,,null_B,Italy,MN.AQU,6,5,-1.7512619270207908,0.6652787559201138,2.5324772263137367,4.093177781547661
2016-02-10 07:46:25.785290176+00:00,2016-03-11 07:46:25.785290176+00:00,48,5,,,False,6.342753063867464,2.284171528817431e-07,,,null_B,Italy,MN.AQU,6,6,-1.1515361258897479,0.5450223711830549,2.9499518992092484,4.67490642258118
2017-04-17 10:46:21.683490688+00:00,2017-05-17 10:46:21.683490688+00:00,111,5,,,False,6.691215740099759,-9.338943433575776e-07,,,null_B,Italy,MN.AQU,6,6,-0.9531180300146205,0.36972191685210104,2.9722269818716147,4.900436964849421
2015-11-16 03:55:29.270576704+00:00,2015-12-16 03:55:29.270576704+00:00,52,9,,,False,6.539102023905159,3.404615302213699e-07,,,null_B,Italy,MN.AQU,6,6,0.07321939826773378,0.40884685571572615,3.8780799534676453,4.884776483560893
2020-09-15 19:32:11.667185536+00:00,2020-10-15 19:32:11.667185536+00:00,43,2,,,False,6.290558280759191,-4.958428156480954e-07,,,null_B,Italy,MN.AQU,6,6,-0.6128239823493988,0.3267946749799584,3.4711359856411037,4.702535663547614
2006-01-10 00:17:07.573715168+00:00,2006-02-09 00:17:07.573715168+00:00,65,5,,,False,6.414882786629162,-3.048031774135483e-07,,,null_B,Italy,MN.AQU,6,6,-0.7907847273878442,0.35648750264513307,3.3281656831036046,4.318968474216749
2008-03-26 07:04:21.079312576+00:00,2008-04-25 07:04:21.079312576+00:00,59,4,,,False,6.440102493603678,1.46514117420706e-07,,,null_B,Italy,MN.AQU,6,5,-1.1636467928466465,0.5845849563415468,3.0374633417990475,4.545927188608788
2002-01-12 22:23:39.937804688+00:00,2002-02-11 22:23:39.937804688+00:00,70,2,,,False,6.1533564289028355,1.3926931656453693e-08,,,null_B,Italy,MN.AQU,6,6,-0.42857688779939646,0.2891537695144772,3.5130171754064077,4.552719540658893
2008-01-29 22:23:57.113390880+00:00,2008-02-28 22:23:57.113390880+00:00,74,4,,,False,6.500715118905932,4.600471748682102e-07,,,null_B,Italy,MN.AQU,6,0,,,,
2002-11-19 18:33:14.232540976+00:00,2002-12-19 18:33:14.232540976+00:00,102,8,,,False,6.574679055108011,-1.2305938737709114e-07,,,null_B,Italy,MN.AQU,6,4,-0.7851648392485289,0.3777399086911475,3.4566707943841566,4.10693404798257
2006-02-25 22:24:16.789818592+00:00,2006-03-27 22:24:16.789818592+00:00,55,4,,,False,6.3367809170983636,-7.199082014636341e-08,,,null_B,Italy,MN.AQU,6,5,-0.2048485393876261,0.2404881302928316,3.5440714796418917,4.745316072226157
2001-10-27 22:30:24.700395832+00:00,2001-11-26 22:30:24.700395832+00:00,104,6,,,False,6.4514958638075806,-3.006829229366336e-08,,,null_B,Italy,MN.AQU,6,6,-0.8579140754729094,0.47683966154582064,3.2536620321882856,4.473815680743907
2009-12-13 12:44:59.157058112+00:00,2010-01-12 12:44:59.157058112+00:00,192,12,,,False,6.878470534888996,-1.124132214935027e-06,,,null_B,Italy,MN.AQU,6,1,-3.4066717631659476,0.7812927841437444,1.6582070093060974,1.7688123503681892
2019-07-22 19:15:30.154033408+00:00,2019-08-21 19:15:30.154033408+00:00,51,8,,,False,6.481285552171478,3.932621753514943e-07,,,null_B,Italy,MN.AQU,6,6,-0.25565292578017057,0.2773018549992589,3.7612763567725724,4.5976280407722605
2010-06-19 23:26:22.406901312+00:00,2010-07-19 23:26:22.406901312+00:00,110,5,,,False,6.574713882999588,8.511550173302915e-08,,,null_B,Italy,MN.AQU,6,6,-0.43175449689070966,0.2791547829838095,3.7452022647854477,4.392094329423636
2000-03-04 12:41:11.603577083+00:00,2000-04-03 12:41:11.603577083+00:00,81,4,,,False,6.5266117342503405,1.560376920040048e-07,,,null_B,Italy,MN.AQU,6,6,-0.8696838610864014,0.4670447980788152,2.6700811010977508,4.707377389937115
2010-02-26 12:19:44.166758976+00:00,2010-03-28 12:19:44.166758976+00:00,73,2,,,False,6.42053642584722,4.165904698787552e-09,,,null_B,Italy,MN.AQU,6,5,-1.536222510409559,0.5755288348258949,2.3551879800574165,4.384857859295461
2002-11-20 17:50:33.613881568+00:00,2002-12-20 17:50:33.613881568+00:00,101,8,,,False,6.568172614267385,-1.765251561305641e-07,,,null_B,Italy,MN.AQU,6,4,-0.8405041138057883,0.4321720893582044,3.417135363518653,4.154382609650185
2003-07-15 04:24:13.975793424+00:00,2003-08-14 04:24:13.975793424+00:00,88,4,,,False,6.439235652934568,4.43848200833679e-08,,,null_B,Italy,MN.AQU,6,6,-0.3424482046414159,0.2197084490401525,3.8451586612519475,4.61138930531506
2008-03-24 08:20:55.893081760+00:00,2008-04-23 08:20:55.893081760+00:00,62,5,,,False,6.460936916256876,1.139249812955943e-07,,,null_B,Italy,MN.AQU,6,5,-0.8549559859173831,0.4387084919303141,3.411335070494585,4.559292310593354
2014-06-21 00:49:23.029389312+00:00,2014-07-21 00:49:23.029389312+00:00,50,1,,,False,6.288771693841419,4.7530431212758415e-08,,,null_B,Italy,MN.AQU,6,4,-0.040661280244221276,0.1272494921302265,3.911006343032753,4.5422830189959065
2014-08-24 09:57:09.845444928+00:00,2014-09-23 09:57:09.845444928+00:00,61,8,,,False,6.453016168722821,-2.339869768948272e-07,,,null_B,Italy,MN.AQU,6,4,-0.9840070707626294,0.4863283630001276,3.25073663871034,4.7935899254983125
2021-01-07 13:35:38.628885632+00:00,2021-02-06 13:35:38.628885632+00:00,71,8,,,False,6.521481705298928,-4.974091657792516e-07,,,null_B,Italy,MN.AQU,6,6,-2.2664524351209163,0.6627291907257159,1.8213522002966613,4.83645973467109
2024-05-20 18:19:00.688574592+00:00,2024-06-19 18:19:00.688574592+00:00,77,13,,,False,6.637776383846178,-3.923164062496637e-07,,,null_B,Italy,MN.AQU,6,6,-0.41302807646360584,0.2403637818678095,3.7709967467597196,4.507578598330621
2013-02-16 10:56:12.356851456+00:00,2013-03-18 10:56:12.356851456+00:00,56,7,,,False,6.486981943628146,-2.4563699213117577e-08,,,null_B,Italy,MN.AQU,6,6,-1.6889352053258444,0.5914013101540513,2.2804992764495258,4.794067095512158
2015-10-11 13:21:27.051951488+00:00,2015-11-10 13:21:27.051951488+00:00,44,5,,,False,6.4341655587547075,-6.195990920417002e-08,,,null_B,Italy,MN.AQU,6,5,-1.670174247397218,0.5142026858572948,2.2167849806246283,4.863357042752205
2018-03-09 17:48:11.243372352+00:00,2018-04-08 17:48:11.243372352+00:00,51,4,,,False,6.337425938652245,1.0215066272815206e-07,,,null_B,Italy,MN.AQU,6,0,,,,
2000-01-30 04:10:21.058294777+00:00,2000-02-29 04:10:21.058294777+00:00,81,3,,,False,6.425598203483146,-2.6893074483623905e-08,,,null_B,Italy,MN.AQU,6,5,-0.24419799641733655,0.18388696736033056,3.800040648414634,4.468612163331583
2017-12-17 22:52:10.414497664+00:00,2018-01-16 22:52:10.414497664+00:00,56,3,,,False,6.303132687844431,7.66003090461061e-08,,,null_B,Italy,MN.AQU,6,3,-0.6194548018255669,0.33139348925734347,3.7080721427121333,4.785169017127021
2014-10-16 11:25:45.176818816+00:00,2014-11-15 11:25:45.176818816+00:00,59,1,,,False,6.354074792794482,3.2737454680486603e-09,,,null_B,Italy,MN.AQU,6,5,-1.3892593642490998,0.42115773661570194,2.5005316318004978,4.914467730672232
2011-02-10 06:17:17.662549632+00:00,2011-03-12 06:17:17.662549632+00:00,44,0,,,False,6.117379737130989,1.2376192847793177e-07,,,null_B,Italy,MN.AQU,6,0,,,,
2012-06-06 06:59:39.333764608+00:00,2012-07-06 06:59:39.333764608+00:00,137,11,,,False,6.813912760509066,-7.818420037010282e-07,,,null_B,Italy,MN.AQU,6,5,-0.7320330303199272,0.4474681251557084,3.6094460934680894,4.797672454417813
2000-02-29 00:55:26.904561198+00:00,2000-03-30 00:55:26.904561198+00:00,74,1,,,False,6.345442085477881,-1.454405138607595e-07,,,null_B,Italy,MN.AQU,6,6,-0.5117234141846906,0.29239725273434036,3.5415499656586213,4.3375280600293635
2016-04-30 04:29:44.107833536+00:00,2016-05-30 04:29:44.107833536+00:00,45,3,,,False,6.243496413461919,-9.558116849593562e-08,,,null_B,Italy,MN.AQU,6,6,-0.3419859856392969,0.19980211556629981,3.8864597811948283,4.722004694612897
2015-11-15 14:40:11.758571136+00:00,2015-12-15 14:40:11.758571136+00:00,51,9,,,False,6.533459145766685,4.058013209583761e-07,,,null_B,Italy,MN.AQU,6,6,-1.6843453589289459,0.5367976530797803,2.3156806763393125,4.657901522678619
2011-01-14 09:09:16.452056128+00:00,2011-02-13 09:09:16.452056128+00:00,49,3,,,False,6.255233597827855,-1.715868551659067e-07,,,null_B,Italy,MN.AQU,6,0,,,,
2004-02-12 18:09:02.627754704+00:00,2004-03-13 18:09:02.627754704+00:00,68,3,,,False,6.263224165309049,-3.0516201806904057e-07,,,null_B,Italy,MN.AQU,6,5,-1.2651042127419716,0.6713350003200265,3.01451885529826,4.304832536314198
2011-09-18 01:16:59.658330496+00:00,2011-10-18 01:16:59.658330496+00:00,72,3,,,False,6.410684326755025,1.419333637476295e-07,,,null_B,Italy,MN.AQU,6,5,-0.8185548786402632,0.4242781343724147,3.567169949200023,4.466050793545298
2020-06-01 22:12:14.830127104+00:00,2020-07-01 22:12:14.830127104+00:00,35,0,,,False,6.075006246208698,5.6462988953080086e-08,,,null_B,Italy,MN.AQU,6,6,-0.3920596065524819,0.2115238759793543,3.8928600752800953,4.497006498170489
2018-10-04 12:08:26.322467968+00:00,2018-11-03 12:08:26.322467968+00:00,53,1,,,False,6.27147549647337,3.143739117836725e-08,,,null_B,Italy,MN.AQU,6,0,,,,
2019-04-29 12:01:40.272365056+00:00,2019-05-29 12:01:40.272365056+00:00,47,1,,,False,6.236342333671629,-5.818357093594236e-08,,,null_B,Italy,MN.AQU,6,5,-1.5874895872779813,0.5620363446705822,2.5462328137741927,4.42958808503617
2002-06-19 05:33:49.531784064+00:00,2002-07-19 05:33:49.531784064+00:00,108,6,,,False,6.456282739122117,3.488016367009941e-08,,,null_B,Italy,MN.AQU,6,6,-0.470075313908044,0.2374548374129454,3.6888720620397524,4.6713246627573435
2005-11-25 13:39:27.492825984+00:00,2005-12-25 13:39:27.492825984+00:00,79,5,,,False,6.457039855850336,2.848545955777418e-07,,,null_B,Italy,MN.AQU,6,5,-1.775536515932059,0.6158802708689959,2.3166897183811637,4.484062152397435
2002-11-24 17:56:20.225791952+00:00,2002-12-24 17:56:20.225791952+00:00,97,8,,,False,6.566505892619176,-4.589785692492247e-07,,,null_B,Italy,MN.AQU,6,4,-1.1232151732363085,0.4498711263509682,2.981119682184478,3.867316182963246
2006-12-02 16:34:14.097006720+00:00,2007-01-01 16:34:14.097006720+00:00,55,3,,,False,6.335058793449288,1.3931823086365509e-07,,,null_B,Italy,MN.AQU,6,4,-1.5559193938864655,0.6137319840044537,2.5690299116334825,4.209428240681562
2001-03-15 02:38:04.627361976+00:00,2001-04-14 02:38:04.627361976+00:00,75,4,,,False,6.368152637977199,7.371059575629755e-08,,,null_B,Italy,MN.AQU,6,6,-0.9143540468364297,0.4605501328368515,3.2992267910921558,4.268431770631647
2008-05-15 00:39:44.262964512+00:00,2008-06-14 00:39:44.262964512+00:00,73,3,,,False,6.443719801689275,1.74345733840709e-07,,,null_B,Italy,MN.AQU,6,6,-0.34186940119962084,0.23255116960916902,3.8186081631489532,4.426780638598659
2020-04-13 06:55:40.859231232+00:00,2020-05-13 06:55:40.859231232+00:00,62,5,,,False,6.551226110744322,-4.980794919393701e-07,,,null_B,Italy,MN.AQU,6,6,-1.3644006897680125,0.6104595957118452,2.887548419167494,4.5815779947199635
2008-09-03 10:42:06.669883424+00:00,2008-10-03 10:42:06.669883424+00:00,54,2,,,False,6.320695558144153,-1.4182818163084125e-07,,,null_B,Italy,MN.AQU,6,4,-1.3487872134461125,0.518516854165126,2.6593905282316066,4.8952073085055545
2000-10-31 01:21:52.693846996+00:00,2000-11-30 01:21:52.693846996+00:00,71,3,,,False,6.355935134197562,-2.23332739089637e-07,,,null_B,Italy,MN.AQU,6,6,-0.7460113018685898,0.41383638045961396,3.4425975460232805,4.58984289836841
2005-02-27 03:25:43.354269408+00:00,2005-03-29 03:25:43.354269408+00:00,86,1,,,False,6.36894893744662,2.8580631210393677e-07,,,null_B,Italy,MN.AQU,6,6,-0.3939350443829348,0.28764534285311455,3.710435992857691,4.508782228777601
2008-01-09 14:25:33.843967040+00:00,2008-02-08 14:25:33.843967040+00:00,65,2,,,False,6.363467202775083,-2.0629211805405895e-07,,,null_B,Italy,MN.AQU,6,2,-2.150335857572379,0.6947401119542789,1.9865064230521707,4.691919686794536
2013-04-06 03:46:31.101452608+00:00,2013-05-06 03:46:31.101452608+00:00,78,11,,,False,6.5604481235534235,7.379754765115202e-08,,,null_B,Italy,MN.AQU,6,6,-0.2719724636251802,0.0957475423088336,3.8779023906471295,4.419830459939213
2008-08-01 09:37:38.236670176+00:00,2008-08-31 09:37:38.236670176+00:00,74,3,,,False,6.3696017961667355,4.4454668803031515e-08,,,null_B,Italy,MN.AQU,6,6,-0.8641719087013168,0.4678304468237564,3.4412665572562524,4.845787264457813
2013-02-20 01:33:40.686292928+00:00,2013-03-22 01:33:40.686292928+00:00,60,5,,,False,6.453566359399264,-1.2564993636751454e-07,,,null_B,Italy,MN.AQU,6,6,-0.36118859895719385,0.23922025164219887,3.785286007420797,4.617250064756111
2006-07-05 20:31:30.059408768+00:00,2006-08-04 20:31:30.059408768+00:00,88,2,,,False,6.416157330549392,-7.798031518449916e-08,,,null_B,Italy,MN.AQU,6,6,-0.11957992328203937,0.1666704918258366,3.8481294377979203,4.567038551110866
2010-03-12 18:11:04.787044736+00:00,2010-04-11 18:11:04.787044736+00:00,72,1,,,False,6.379153684106768,-8.020856162214973e-08,,,null_B,Italy,MN.AQU,6,6,-0.4805976978703979,0.23707502700488203,3.6988610392601604,4.344088501055577
2014-08-30 18:55:08.169992768+00:00,2014-09-29 18:55:08.169992768+00:00,64,5,,,False,6.421170188810129,9.045369411072899e-08,,,null_B,Italy,MN.AQU,6,4,-0.14582030172637797,0.17010912092183209,3.8094023033657107,4.734899319424567
2017-12-19 04:35:44.401712+00:00,2018-01-18 04:35:44.401712+00:00,62,3,,,False,6.35202347037412,8.91904183085434e-08,,,null_B,Italy,MN.AQU,6,2,-0.6847940814666789,0.3683350206883713,3.54200134670279,4.6427989348728405
2010-06-05 07:42:12.274232256+00:00,2010-07-05 07:42:12.274232256+00:00,128,4,,,False,6.6447469179033805,-3.408386709475373e-07,,,null_B,Italy,MN.AQU,6,6,-1.534257639267981,0.52786375825826,3.238397350086121,4.43892078337323
2016-02-25 22:09:07.581725696+00:00,2016-03-26 22:09:07.581725696+00:00,43,4,,,False,6.250109922764678,-3.477888392094789e-07,,,null_B,Italy,MN.AQU,6,6,-0.28527615924094346,0.17060671378608058,3.634936050795398,4.742815538820901
2003-04-10 06:20:18.846787888+00:00,2003-05-10 06:20:18.846787888+00:00,172,17,,,False,6.937340408935907,5.188146090346859e-07,,,null_B,Italy,MN.AQU,6,6,-0.33013171849436046,0.3598064279530068,3.7787671324851324,4.683662006286033
2010-02-16 02:57:07.956115456+00:00,2010-03-18 02:57:07.956115456+00:00,70,1,,,False,6.405491750237565,-5.7308571569303026e-08,,,null_B,Italy,MN.AQU,6,3,-0.6406841825032702,0.2524672611066087,3.312492497020473,4.6417969557061145
2005-12-19 20:23:13.761390720+00:00,2006-01-18 20:23:13.761390720+00:00,107,6,,,False,6.553037453084519,3.3735101510966394e-07,,,null_B,Italy,MN.AQU,6,6,-0.9616392746480383,0.47098619138991693,3.2859719755674988,4.447315680028289
2017-09-05 03:50:12.727284736+00:00,2017-10-05 03:50:12.727284736+00:00,54,1,,,False,6.255369466899634,6.756802619194688e-08,,,null_B,Italy,MN.AQU,6,6,-0.24193725684172518,0.23176912234534738,3.795429984567661,4.729253666574872
2009-08-06 11:46:09.796190144+00:00,2009-09-05 11:46:09.796190144+00:00,137,1,,,False,6.629211082136217,1.7621317956942698e-07,,,null_B,Italy,MN.AQU,6,6,-1.152075975146984,0.5064658373367791,3.132511932654136,4.010584584467194
2017-08-10 23:14:19.369856512+00:00,2017-09-09 23:14:19.369856512+00:00,63,2,,,False,6.449367310922968,-4.288628000249933e-08,,,null_B,Italy,MN.AQU,6,6,-0.4891481257396027,0.40057176724498317,3.6719707911519763,4.6776021245916315
2010-06-11 12:31:41.988992768+00:00,2010-07-11 12:31:41.988992768+00:00,115,4,,,False,6.6077676666599245,1.1785367980021328e-08,,,null_B,Italy,MN.AQU,6,6,-1.5629176808974385,0.5866825725848074,2.5300429376557787,4.84612300558264
2007-02-24 05:57:40.792182784+00:00,2007-03-26 05:57:40.792182784+00:00,73,2,,,False,6.343779883041788,3.036138763119823e-08,,,null_B,Italy,MN.AQU,6,5,-0.6019827954018739,0.3114558326788586,3.665210509675152,4.665181360995361
2019-06-09 03:48:21.396002560+00:00,2019-07-09 03:48:21.396002560+00:00,46,2,,,False,6.252527930990725,-2.1329858893470785e-08,,,null_B,Italy,MN.AQU,6,6,-0.11437527135099028,0.17959010047802063,3.924680136291837,4.66932540111114
2008-04-01 21:25:58.451459328+00:00,2008-05-01 21:25:58.451459328+00:00,66,3,,,False,6.432332255472483,-1.9272026222158905e-07,,,null_B,Italy,MN.AQU,6,6,-0.565664971232602,0.2863656053989397,3.6767080524672013,4.404257945910374
2008-02-05 13:10:29.816472672+00:00,2008-03-06 13:10:29.816472672+00:00,128,12,,,False,6.802236319022636,1.5529942538615977e-06,,,null_B,Italy,MN.AQU,6,0,,,,
2006-02-01 01:11:49.889697632+00:00,2006-03-03 01:11:49.889697632+00:00,79,4,,,False,6.424615129574066,2.7109279903265425e-07,,,null_B,Italy,MN.AQU,6,6,-0.4698219601465579,0.28179213291093613,3.7224694006721197,4.477816489537924
2017-07-31 17:12:49.221602368+00:00,2017-08-30 17:12:49.221602368+00:00,67,3,,,False,6.473889890365254,-2.1360886047723787e-08,,,null_B,Italy,MN.AQU,6,6,-0.6846075450444423,0.37270321303764914,3.545121368430104,4.492423011656054
2022-01-23 18:10:09.854293376+00:00,2022-02-22 18:10:09.854293376+00:00,45,8,,,False,6.451719936321254,2.4053967826868346e-07,,,null_B,Italy,MN.AQU,6,6,-1.1749433959428837,0.6181631840467142,3.320047129152712,4.194216245558979
2001-01-24 22:14:11.059182804+00:00,2001-02-23 22:14:11.059182804+00:00,79,3,,,False,6.403136405825953,-4.9856354306523813e-08,,,null_B,Italy,MN.AQU,6,6,-0.7303671318385,0.29916393233366223,3.3244533401657623,4.4923019433065505
2019-02-19 04:36:54.188539648+00:00,2019-03-21 04:36:54.188539648+00:00,39,0,,,False,6.081601597248448,9.242778362564517e-08,,,null_B,Italy,MN.AQU,6,3,0.17345359674500874,0.28462235721098006,3.7566946478304994,4.60761555951372
2008-07-06 12:24:12.621016960+00:00,2008-08-05 12:24:12.621016960+00:00,92,2,,,False,6.462983450128923,6.846462103590189e-09,,,null_B,Italy,MN.AQU,6,6,-1.4034357484297155,0.5272584258301246,2.747219682688025,4.534626721824838
2010-01-24 08:44:35.561459520+00:00,2010-02-23 08:44:35.561459520+00:00,80,2,,,False,6.474735078459805,-1.5965534450507072e-08,,,null_B,Italy,MN.AQU,6,3,-1.5513600710523787,0.5744438404105147,2.4690575991208035,4.672039382470595
2006-04-18 04:41:13.565310240+00:00,2006-05-18 04:41:13.565310240+00:00,112,3,,,False,6.557202388501601,5.1163457712648414e-08,,,null_B,Italy,MN.AQU,6,6,-0.3653094929677135,0.20251545357579015,3.824799301528729,4.636442340139113
2022-08-23 00:06:36.800606720+00:00,2022-09-22 00:06:36.800606720+00:00,72,2,,,False,6.406024071287484,-2.1499579036305898e-07,,,null_B,Italy,MN.AQU,6,6,-0.43051204824255324,0.25448090243976346,3.8233747410895713,4.501224348349256
2020-01-10 11:05:21.557848320+00:00,2020-02-09 11:05:21.557848320+00:00,64,2,,,False,6.403724652247637,1.229594901609331e-07,,,null_B,Italy,MN.AQU,6,6,-1.193309635313834,0.4718698498563217,2.8251174094645144,4.800209044729087
2010-05-30 17:45:33.404896640+00:00,2010-06-29 17:45:33.404896640+00:00,123,4,,,False,6.646115811176566,-2.8739742459905576e-07,,,null_B,Italy,MN.AQU,6,6,-0.6131643727212276,0.37961092408390185,3.6859124252311144,4.441982700102125
2013-02-04 08:45:38.959340288+00:00,2013-03-06 08:45:38.959340288+00:00,54,6,,,False,6.45078307710706,7.357412741307698e-08,,,null_B,Italy,MN.AQU,6,6,-1.171509252288226,0.40652105822148266,2.527095502303359,4.657814547106945
2017-07-11 00:18:43.663195392+00:00,2017-08-10 00:18:43.663195392+00:00,66,2,,,False,6.335956195690524,2.837569073818315e-08,,,null_B,Italy,MN.AQU,6,5,0.08447317083826995,0.2112480020352801,3.9270566864066674,4.6575854164948485
2017-06-28 04:53:55.945557760+00:00,2017-07-28 04:53:55.945557760+00:00,67,3,,,False,6.416078694386296,-1.0348752428717117e-07,,,null_B,Italy,MN.AQU,6,4,-0.7589952224723454,0.4387500520491201,3.48192292373094,4.716557527640903
2000-03-09 11:36:47.296179207+00:00,2000-04-08 11:36:47.296179207+00:00,90,6,,,False,6.6192268389231375,4.565270386135082e-07,,,null_B,Italy,MN.AQU,6,6,-0.9029112885577765,0.45438596116151825,2.842749798373729,4.752239746886229
2008-08-10 14:07:40.072712768+00:00,2008-09-09 14:07:40.072712768+00:00,77,3,,,False,6.402014292540696,-8.316443052316356e-08,,,null_B,Italy,MN.AQU,6,6,-1.4862061297199294,0.5834469134565697,2.6858993786062832,4.555459368467961
2015-11-26 17:24:52.617682048+00:00,2015-12-26 17:24:52.617682048+00:00,47,8,,,False,6.519934142792974,-6.741653073864126e-07,,,null_B,Italy,MN.AQU,6,6,-1.2345864609617803,0.6032547087664947,3.261671228312775,3.79331794064547
2006-01-08 13:28:27.685259648+00:00,2006-02-07 13:28:27.685259648+00:00,85,5,,,False,6.501133079436401,-2.163288248694514e-07,,,null_B,Italy,MN.AQU,6,6,-1.7930147688676665,0.6401688766206096,2.2083853249219074,4.45681516427387
2014-05-18 09:09:09.024417152+00:00,2014-06-17 09:09:09.024417152+00:00,40,4,,,False,6.235828303056718,2.9756756111273466e-07,,,null_B,Italy,MN.AQU,6,6,-0.8423096645765721,0.38051502951111704,3.525354254288636,4.82629709717303
2010-08-29 14:00:20.735514944+00:00,2010-09-28 14:00:20.735514944+00:00,109,0,,,False,6.505160021707458,2.30943412256616e-08,,,null_B,Italy,MN.AQU,6,6,-2.1992178176935937,0.6478137829534568,2.148230580064605,3.6001864460978794
2017-05-11 16:27:13.553649088+00:00,2017-06-10 16:27:13.553649088+00:00,81,3,,,False,6.448403396334156,2.598691942634497e-07,,,null_B,Italy,MN.AQU,6,5,-0.8832699807867066,0.4682217398818579,3.5162333395651357,3.936306548297447
2018-05-01 16:51:37.097165568+00:00,2018-05-31 16:51:37.097165568+00:00,69,2,,,False,6.445590190483926,-1.523188250263453e-07,,,null_B,Italy,MN.AQU,6,0,,,,
2020-08-04 19:32:37.144338816+00:00,2020-09-03 19:32:37.144338816+00:00,79,6,,,False,6.53893344682595,-9.325622740849116e-09,,,null_B,Italy,MN.AQU,6,6,-0.7191288275082597,0.2384218348512749,3.7182506811447382,4.507320637041611
2015-08-24 15:26:57.849533696+00:00,2015-09-23 15:26:57.849533696+00:00,35,4,,,False,6.2905234542747275,1.7346077659901383e-08,,,null_B,Italy,MN.AQU,6,6,-1.8063638587312987,0.7082785094806509,2.6436519004417325,3.8744396240095
2010-12-26 06:10:06.093708096+00:00,2011-01-25 06:10:06.093708096+00:00,64,4,,,False,6.3741171158090015,-1.506231720828302e-08,,,null_B,Italy,MN.AQU,6,0,,,,
2010-02-17 07:37:10.045673536+00:00,2010-03-19 07:37:10.045673536+00:00,67,1,,,False,6.401547343209778,-7.301396084537883e-08,,,null_B,Italy,MN.AQU,6,4,-0.7988787019738449,0.3733774368495867,3.0828742686780957,4.472360376715346
2005-04-14 22:07:57.690862304+00:00,2005-05-14 22:07:57.690862304+00:00,97,6,,,False,6.5616212532350096,-3.5396449259973757e-07,,,null_B,Italy,MN.AQU,6,6,-0.2569385321679813,0.2674522817226243,3.7543682694860325,4.576144160358892
2000-10-17 12:06:20.382463980+00:00,2000-11-16 12:06:20.382463980+00:00,97,3,,,False,6.45613800368155,-1.3503218134760208e-07,,,null_B,Italy,MN.AQU,6,6,-1.5111513500529477,0.5980543497086439,2.5904899450240886,4.66213608033309
2012-06-30 06:14:30.426574784+00:00,2012-07-30 06:14:30.426574784+00:00,83,5,,,False,6.518167929228976,-2.503421912160165e-07,,,null_B,Italy,MN.AQU,6,5,-0.8051097881785981,0.42355024204604863,3.4842759475774634,4.656165621822485
2014-09-24 06:14:15.541137792+00:00,2014-10-24 06:14:15.541137792+00:00,77,5,,,False,6.55587683588641,-2.14780143690488e-07,,,null_B,Italy,MN.AQU,6,6,-0.5020543896107893,0.32797857344037956,3.8483710498239465,4.783745066840726
2022-12-26 04:20:48.075860096+00:00,2023-01-25 04:20:48.075860096+00:00,44,4,,,False,6.289641526897012,-3.324372650742752e-08,,,null_B,Italy,MN.AQU,6,6,-0.7536792219582646,0.3341871672182017,3.351294783555632,4.728918958974958
2009-08-28 06:28:40.470756736+00:00,2009-09-27 06:28:40.470756736+00:00,84,7,,,False,6.641871446837183,-1.4369299565804864e-07,,,null_B,Italy,MN.AQU,6,2,-1.0766325322246852,0.5036160677209671,3.239603147830124,4.024286661715481
2000-01-21 17:06:21.537073919+00:00,2000-02-20 17:06:21.537073919+00:00,80,3,,,False,6.398995438697024,2.3595229689334178e-07,,,null_B,Italy,MN.AQU,6,5,-1.0624932938884535,0.658904798216759,2.7836600688425515,4.273678871585934
2006-04-04 13:45:20.365070784+00:00,2006-05-04 13:45:20.365070784+00:00,109,8,,,False,6.620931265791814,-1.111563268730031e-07,,,null_B,Italy,MN.AQU,6,6,-1.559950138345613,0.6045424569260699,2.5723894897083066,4.39837237488791
2014-09-18 10:55:09.972747968+00:00,2014-10-18 10:55:09.972747968+00:00,79,5,,,False,6.568080749000106,-5.248708856857488e-08,,,null_B,Italy,MN.AQU,6,5,-1.4651886370012515,0.5554434289480984,2.6720484597410463,4.88244852380653
2017-04-22 04:59:02.069202944+00:00,2017-05-22 04:59:02.069202944+00:00,98,5,,,False,6.650059531436182,-9.38694537012266e-07,,,null_B,Italy,MN.AQU,6,6,-0.5549701873622572,0.2654371145619698,3.902847491449188,4.681308290224033
2007-09-27 07:15:55.279753920+00:00,2007-10-27 07:15:55.279753920+00:00,64,3,,,False,6.3806998568748305,-1.8411166845966664e-08,,,null_B,Italy,MN.AQU,6,0,,,,
2019-02-12 13:31:49.895411968+00:00,2019-03-14 13:31:49.895411968+00:00,35,0,,,False,6.037223465866872,-9.615041270358353e-08,,,null_B,Italy,MN.AQU,6,2,-2.2262071917798596,0.6792385095290816,2.0252355063971126,3.405820263888934
2019-07-17 03:56:55.035472640+00:00,2019-08-16 03:56:55.035472640+00:00,54,6,,,False,6.442655845477859,1.7680841807265357e-07,,,null_B,Italy,MN.AQU,6,6,-0.3698377140969038,0.19221145703255874,3.865862531273566,4.699179156789974
2018-02-21 11:49:45.410286144+00:00,2018-03-23 11:49:45.410286144+00:00,62,4,,,False,6.42533656625554,-1.5208072762325784e-07,,,null_B,Italy,MN.AQU,6,0,,,,
2002-05-03 05:29:41.792573040+00:00,2002-06-02 05:29:41.792573040+00:00,98,3,,,False,6.268524594199951,-3.5875800467928944e-08,,,null_B,Italy,MN.AQU,6,6,-0.3661903261464788,0.21767152641572043,3.940486985460191,4.75815614384548
2008-08-11 00:35:27.479055584+00:00,2008-09-10 00:35:27.479055584+00:00,77,3,,,False,6.402014292540696,-8.316443052316433e-08,,,null_B,Italy,MN.AQU,6,6,-0.5073584059291201,0.3020918606767788,3.7814793813191567,4.50227805297721
2021-11-25 06:41:07.642414976+00:00,2021-12-25 06:41:07.642414976+00:00,67,4,,,False,6.470289386669725,-1.5477286233753872e-07,,,null_B,Italy,MN.AQU,6,6,-1.121244776571075,0.5087846541760497,2.906878921594851,4.738409619980479
2004-09-24 16:58:35.650552608+00:00,2004-10-24 16:58:35.650552608+00:00,85,4,,,False,6.347589541097429,-1.270761566208911e-07,,,null_B,Italy,MN.AQU,6,6,-1.0916462338216315,0.4942662832958189,3.158832668535581,4.11897889964286
