t_start,t_end,n_events,n_above_mc,b,b_drift_per_day,b_drift_ok,benioff_total_log10,benioff_curv,target_M,target_time,window_kind
2001-07-11 20:19:27.060000+00:00,2001-08-10 20:19:27.060000+00:00,240,130,1.0244652993544314,0.00299845130865175,True,7.144959764486209,-4.42539341414866e-06,5.2,2001-08-10 20:19:27.060000+00:00,precursor
2001-11-28 21:14:01.950000+00:00,2001-12-28 21:14:01.950000+00:00,104,51,0.946134924265949,0.0016221120248871895,True,6.775292179588777,-8.984467643593664e-07,4.6,2001-12-28 21:14:01.950000+00:00,precursor
2002-09-29 14:16:54.080000+00:00,2002-10-29 14:16:54.080000+00:00,65,35,0.9681724118862315,-0.010581463484528415,True,6.479756480372635,4.414479884082428e-08,4.77,2002-10-29 14:16:54.080000+00:00,precursor
2005-09-16 21:11:35.010000+00:00,2005-10-16 21:11:35.010000+00:00,98,60,0.8691684094127795,0.03257610236340493,True,6.819537109170627,-9.275249833788374e-07,4.99,2005-10-16 21:11:35.010000+00:00,precursor
2006-02-24 01:56:37.600000+00:00,2006-03-26 01:56:37.600000+00:00,104,62,1.0448683693442615,-0.0001576934581759022,True,6.689771774217145,-2.0865523820117551e-07,4.52,2006-03-26 01:56:37.600000+00:00,precursor
2009-04-18 03:39:36.340000+00:00,2009-05-18 03:39:36.340000+00:00,73,33,0.8592157016071538,-0.00986073046095227,True,6.601453859014041,-2.2666041543012668e-07,4.7,2009-05-18 03:39:36.340000+00:00,precursor
2010-06-07 23:53:33.480000+00:00,2010-07-07 23:53:33.480000+00:00,417,239,0.87481147218607,0.012575608007317532,True,7.45941475680047,-7.538511665601117e-06,5.42,2010-07-07 23:53:33.480000+00:00,precursor
2010-10-05 19:39:59.550000+00:00,2010-11-04 19:39:59.550000+00:00,122,69,0.9414489240127046,0.004538466687482917,True,6.8198742751952,-6.978334436851243e-08,4.57,2010-11-04 19:39:59.550000+00:00,precursor
2012-01-14 21:07:02.770000+00:00,2012-02-13 21:07:02.770000+00:00,78,42,0.9796116133156055,0.011984894688651541,True,6.614622356270174,-2.5473771412470504e-07,5.6,2012-02-13 21:07:02.770000+00:00,precursor
2012-06-01 03:25:20.450000+00:00,2012-07-01 03:25:20.450000+00:00,88,42,1.0241644154933502,0.0064092197749200065,True,6.604092789503887,-2.35967509200352e-07,4.64,2012-07-01 03:25:20.450000+00:00,precursor
2013-01-14 00:10:14.393000+00:00,2013-02-13 00:10:14.393000+00:00,88,45,1.3459539728406584,0.013134801195174805,True,6.533275827486719,-3.147937855562452e-07,5.1,2013-02-13 00:10:14.393000+00:00,precursor
2013-09-11 23:05:37.330000+00:00,2013-10-11 23:05:37.330000+00:00,84,49,0.9208320905780766,0.01281651786561169,True,6.67276554496102,2.2070369213261136e-07,4.94,2013-10-11 23:05:37.330000+00:00,precursor
2013-12-13 20:24:46.740000+00:00,2014-01-12 20:24:46.740000+00:00,85,44,0.9116868894915588,0.008130572711246077,True,6.683266002189234,-3.358055431119699e-07,4.53,2014-01-12 20:24:46.740000+00:00,precursor
2014-06-05 16:59:34.090000+00:00,2014-07-05 16:59:34.090000+00:00,89,44,1.34759923862786,-0.030226789736513254,True,6.51582310658365,1.0698208555818276e-07,4.58,2014-07-05 16:59:34.090000+00:00,precursor
2015-04-22 18:47:42.980000+00:00,2015-05-22 18:47:42.980000+00:00,94,51,0.9103583467762386,-0.023432786560203544,True,6.689984712257184,-1.4763060542684738e-07,5.3,2015-05-22 18:47:42.980000+00:00,precursor
2016-05-11 08:04:38.700000+00:00,2016-06-10 08:04:38.700000+00:00,62,36,1.0022180351613519,-0.009271403677256505,True,6.484259516896378,2.0042693543590578e-08,5.19,2016-06-10 08:04:38.700000+00:00,precursor
2017-10-14 19:31:29.050000+00:00,2017-11-13 19:31:29.050000+00:00,78,37,1.0857362047581298,0.01731968245767449,True,6.5409262253720035,-1.3371817700228324e-07,4.58,2017-11-13 19:31:29.050000+00:00,precursor
2018-06-05 15:17:36.947000+00:00,2018-07-05 15:17:36.947000+00:00,57,29,,,False,6.343320296094974,-6.938033647671044e-08,4.5,2018-07-05 15:17:36.947000+00:00,precursor
2018-10-20 20:18:42.510000+00:00,2018-11-19 20:18:42.510000+00:00,70,42,0.9620447383932801,-0.021901163696034148,True,6.555236170028047,1.5608259843312697e-07,4.82,2018-11-19 20:18:42.510000+00:00,precursor
2019-08-11 04:25:55.631000+00:00,2019-09-10 04:25:55.631000+00:00,189,81,1.0243987488108162,0.002589163049746885,True,6.9403891952075325,-1.2221091012701063e-06,4.6,2019-09-10 04:25:55.631000+00:00,precursor
2019-12-26 03:03:34.920000+00:00,2020-01-25 03:03:34.920000+00:00,88,45,1.1509571075174525,0.02631079894149017,True,6.590028435691232,-2.7881062579738203e-07,4.62,2020-01-25 03:03:34.920000+00:00,precursor
2021-03-01 08:56:25.940000+00:00,2021-03-31 08:56:25.940000+00:00,89,46,1.3452893042120937,-0.021491499346116435,True,6.5754433833702075,4.224145848118405e-07,4.75,2021-03-31 08:56:25.940000+00:00,precursor
2022-06-15 01:19:07+00:00,2022-07-15 01:19:07+00:00,89,43,0.8649681668290786,0.0015055125865243726,True,6.6414079583469485,1.5847346221438976e-07,4.58,2022-07-15 01:19:07+00:00,precursor
2023-04-11 23:19:41.990000+00:00,2023-05-11 23:19:41.990000+00:00,93,64,0.8570720580267694,0.014561967790063246,True,6.806044321272106,6.27861928632782e-07,5.48,2023-05-11 23:19:41.990000+00:00,precursor
2024-06-29 20:00:52.590000+00:00,2024-07-29 20:00:52.590000+00:00,83,40,1.0810068000080946,0.03778942838716873,True,6.544744909314927,1.618720182310682e-08,4.87,2024-07-29 20:00:52.590000+00:00,precursor
2019-04-15 08:18:53.991163392+00:00,2019-05-15 08:18:53.991163392+00:00,107,63,0.8880412969784123,0.006906514697015252,True,6.791409197705351,6.354341906894651e-09,,,null_A
2017-05-18 06:41:14.898073088+00:00,2017-06-17 06:41:14.898073088+00:00,62,33,0.8776312249116544,,False,6.469564046858273,1.663035047044246e-07,,,null_A
2024-04-23 19:37:08.647616896+00:00,2024-05-23 19:37:08.647616896+00:00,122,71,0.8021568214133946,0.018687513712703104,True,6.942440222208498,2.1587268790344242e-06,,,null_A
2015-09-28 06:36:32.863393088+00:00,2015-10-28 06:36:32.863393088+00:00,94,45,1.1557215662712208,0.015484035663344418,True,6.589895041585972,1.1686680819838842e-07,,,null_A
2022-04-03 22:19:47.293337600+00:00,2022-05-03 22:19:47.293337600+00:00,87,38,1.0237711111863252,,False,6.56735364746281,1.6775720699648698e-07,,,null_A
2019-05-25 15:25:54.671346944+00:00,2019-06-24 15:25:54.671346944+00:00,103,51,0.8188176923129696,-0.022276169777711224,True,6.967339119469692,-7.83710469272847e-08,,,null_A
2001-02-02 20:19:25.845122384+00:00,2001-03-04 20:19:25.845122384+00:00,96,66,0.8896162571574989,0.010539585295663437,True,6.824674012429344,-7.973424615819806e-07,,,null_A
2017-06-13 15:30:51.375879872+00:00,2017-07-13 15:30:51.375879872+00:00,66,40,1.0670626090988988,0.020610579420117923,True,6.510001041098304,5.900712386319916e-08,,,null_A
2003-06-26 03:02:12.216414592+00:00,2003-07-26 03:02:12.216414592+00:00,62,27,,,False,6.480912253929242,6.708255373049156e-08,,,null_A
2017-07-28 05:54:50.747213632+00:00,2017-08-27 05:54:50.747213632+00:00,80,36,1.059972972780819,,False,6.52526667805074,1.3308915208766418e-07,,,null_A
2011-06-08 23:59:06.014423040+00:00,2011-07-08 23:59:06.014423040+00:00,90,48,0.9860991074435235,0.004782944916084764,True,6.612284903998796,1.1781938072964256e-07,,,null_A
2003-06-26 12:45:37.178533168+00:00,2003-07-26 12:45:37.178533168+00:00,61,26,,,False,6.438967702650209,7.104337341332582e-08,,,null_A
2019-01-23 19:44:11.431378304+00:00,2019-02-22 19:44:11.431378304+00:00,91,49,0.8374824719897416,-0.01211115851690091,True,6.754633504322665,-7.674353001633471e-07,,,null_A
2015-10-26 01:41:50.135378688+00:00,2015-11-25 01:41:50.135378688+00:00,95,54,1.1172892816948843,-0.001077986832487409,True,6.642351230919917,1.5620133388725564e-08,,,null_A
2017-05-08 17:50:29.346069696+00:00,2017-06-07 17:50:29.346069696+00:00,53,27,,,False,6.430266502363799,1.157388219277693e-07,,,null_A
2015-09-15 16:46:19.583233984+00:00,2015-10-15 16:46:19.583233984+00:00,88,43,1.0311796091573626,-0.001234572638212263,True,6.620040763586275,-2.3626553120426446e-07,,,null_A
2017-06-08 13:38:00.922287936+00:00,2017-07-08 13:38:00.922287936+00:00,58,36,1.0326685170751044,0.03790838230756987,True,6.460835492462415,3.7259589395539275e-08,,,null_A
2019-05-28 23:41:13.092013184+00:00,2019-06-27 23:41:13.092013184+00:00,102,53,0.8247082601530745,-0.014667848100152706,True,6.96927967677368,4.341643892235543e-07,,,null_A
2011-05-11 10:12:22.975656192+00:00,2011-06-10 10:12:22.975656192+00:00,104,63,0.9576672159574702,0.014099041031033033,True,6.750135103032374,-3.861898943147713e-07,,,null_A
2015-08-19 15:11:44.529437120+00:00,2015-09-18 15:11:44.529437120+00:00,103,55,1.1140949862256913,0.009722185058125546,True,6.731658035905282,8.983337268068163e-07,,,null_A
2001-01-13 22:02:12.491720840+00:00,2001-02-12 22:02:12.491720840+00:00,93,55,0.8340152410851555,0.0016629540478590738,True,6.806319065978545,8.051729090319701e-07,,,null_A
2003-08-08 13:21:06.689601632+00:00,2003-09-07 13:21:06.689601632+00:00,56,32,1.0203688267917819,0.056800503557455605,True,6.476792773662067,1.2470606246306062e-07,,,null_A
2014-03-31 18:18:59.718810368+00:00,2014-04-30 18:18:59.718810368+00:00,65,32,1.2158725652584486,0.01281686895150392,True,6.4371203990341765,1.1520938152234579e-07,,,null_A
2003-06-30 15:30:48.692513680+00:00,2003-07-30 15:30:48.692513680+00:00,56,29,,,False,6.468107633422647,-5.9314804794594536e-08,,,null_A
2019-02-26 00:43:54.728314112+00:00,2019-03-28 00:43:54.728314112+00:00,69,38,1.5351804941696316,0.004022817556571438,True,6.398549628354159,3.2619305443678925e-08,,,null_A
2000-12-06 16:14:58.810471864+00:00,2001-01-05 16:14:58.810471864+00:00,122,72,0.8893402359793553,-0.007859220799761682,True,6.8709561076186985,-1.0611314481265551e-08,,,null_A
2001-02-12 22:06:04.311860228+00:00,2001-03-14 22:06:04.311860228+00:00,80,48,1.039189189000803,-0.0011075956278330124,True,6.615942999620493,-2.0516472046332143e-07,,,null_A
2022-03-21 18:56:20.378670080+00:00,2022-04-20 18:56:20.378670080+00:00,86,45,1.0001664117526274,0.0001744550450973746,True,6.61336214342066,-1.9993252330732114e-07,,,null_A
2022-03-13 17:40:17.969379584+00:00,2022-04-12 17:40:17.969379584+00:00,90,50,0.997919305843867,-0.014537435309494565,True,6.661408573250875,-3.652881510034479e-08,,,null_A
2022-04-06 21:26:05.765801088+00:00,2022-05-06 21:26:05.765801088+00:00,86,38,1.1405107334017657,0.012430369989717862,True,6.522050462731955,2.8525940631880852e-08,,,null_A
2019-03-28 15:45:28.820111104+00:00,2019-04-27 15:45:28.820111104+00:00,73,39,1.0016253574350584,0.02143117223022767,True,6.5642516546633045,1.7750926798804053e-07,,,null_A
2014-12-08 11:07:26.842505344+00:00,2015-01-07 11:07:26.842505344+00:00,130,79,0.9648274485477192,-0.006111305958411087,True,6.846538524238117,5.864904196750423e-07,,,null_A
2019-05-16 17:39:24.959197312+00:00,2019-06-15 17:39:24.959197312+00:00,97,49,0.8682345823443228,0.013275454652016615,True,6.741132823543758,7.707589376217134e-07,,,null_A
2003-08-02 20:27:38.241392480+00:00,2003-09-01 20:27:38.241392480+00:00,56,31,0.970665388536468,,False,6.492240636271367,5.624545817824046e-07,,,null_A
2017-04-20 00:18:43.799176576+00:00,2017-05-20 00:18:43.799176576+00:00,60,39,1.039109496578333,-0.017321414195222935,True,6.49038000418263,-1.771308586353411e-07,,,null_A
2015-10-19 07:21:12.068064448+00:00,2015-11-18 07:21:12.068064448+00:00,92,49,1.186200089925272,0.017785743206738876,True,6.578134377269777,-2.7415448584352e-07,,,null_A
2003-07-01 11:17:01.683145088+00:00,2003-07-31 11:17:01.683145088+00:00,58,31,0.972769432008731,0.004323775101344905,True,6.492351978134792,-2.6772841754818194e-08,,,null_A
2014-11-08 01:29:37.633780224+00:00,2014-12-08 01:29:37.633780224+00:00,199,109,0.9658865237187213,0.009810486481068009,True,7.020519911946737,-1.8049562972494288e-06,,,null_A
2015-02-06 20:01:13.967295744+00:00,2015-03-08 20:01:13.967295744+00:00,87,48,1.0668441725361364,-0.00399004447090936,True,6.658722952034069,-4.0824609151068826e-07,,,null_A
2015-01-11 08:39:43.111256960+00:00,2015-02-10 08:39:43.111256960+00:00,125,67,0.8400037611870065,0.035950176933856284,True,7.081187538142493,6.271076304192282e-08,,,null_A
2011-04-24 07:40:29.706185600+00:00,2011-05-24 07:40:29.706185600+00:00,129,72,0.8803266525065918,0.012154539007606264,True,6.865839658020812,-2.3278634585054304e-07,,,null_A
2014-10-24 10:03:12.311818624+00:00,2014-11-23 10:03:12.311818624+00:00,317,173,0.8448548900175711,-0.0008224396402351618,True,7.286732852474743,-1.372658012231801e-06,,,null_A
2003-08-23 13:33:57.302507840+00:00,2003-09-22 13:33:57.302507840+00:00,63,39,1.0315155173097947,0.022526115849015843,True,6.5278986729312365,-2.0392803425730544e-07,,,null_A
2003-08-02 14:52:31.044543056+00:00,2003-09-01 14:52:31.044543056+00:00,56,31,0.970665388536468,,False,6.492240636271367,5.624545817824051e-07,,,null_A
2001-05-01 00:32:46.186661696+00:00,2001-05-31 00:32:46.186661696+00:00,115,58,1.0871419918165153,-0.01444657785190283,True,6.7333349731448005,3.8267013471894863e-07,,,null_A
2001-01-30 20:31:22.464879104+00:00,2001-03-01 20:31:22.464879104+00:00,103,69,0.8837015408824652,-0.001956915524869764,True,6.844588067470113,-6.706909626794202e-07,,,null_A
2014-03-27 06:06:10.628859584+00:00,2014-04-26 06:06:10.628859584+00:00,91,48,0.990785890273579,0.001016042426608861,True,6.76702607265594,-7.824317989759907e-07,,,null_A
2001-03-24 10:52:50.665536408+00:00,2001-04-23 10:52:50.665536408+00:00,125,69,1.2296396902472042,0.011840686158986934,True,6.698098586102391,6.929932533825776e-07,,,null_A
2001-04-18 02:21:06.196312840+00:00,2001-05-18 02:21:06.196312840+00:00,124,62,1.1646305310554341,-0.025815400055031985,True,6.736808404969374,-7.334391877958573e-08,,,null_A
2019-06-04 14:24:39.787982720+00:00,2019-07-04 14:24:39.787982720+00:00,81,48,0.7822189542722735,0.005837334428394659,True,6.9481382700614445,6.109262134973633e-07,,,null_A
2019-05-31 05:18:08.532945280+00:00,2019-06-30 05:18:08.532945280+00:00,96,51,0.8086534712327792,-0.01055476351244714,True,6.961090683034819,4.738254145176822e-07,,,null_A
2003-06-26 06:30:57.031165264+00:00,2003-07-26 06:30:57.031165264+00:00,61,26,,,False,6.438967702650209,7.104337341332607e-08,,,null_A
2015-10-09 16:21:37.714382592+00:00,2015-11-08 16:21:37.714382592+00:00,96,51,1.084141878466269,-0.003166688377303151,True,6.608113874501201,2.1414469067743461e-07,,,null_A
2017-04-24 21:19:37.808329920+00:00,2017-05-24 21:19:37.808329920+00:00,51,32,0.9828446549437109,0.05485717632080161,True,6.4356884279305016,-2.4656112222850545e-07,,,null_A
2003-06-04 18:54:01.393688080+00:00,2003-07-04 18:54:01.393688080+00:00,75,38,1.0504895170161401,0.013242759640028374,True,6.5152024739823595,4.897410471769068e-08,,,null_A
2014-12-10 09:08:16.064510016+00:00,2015-01-09 09:08:16.064510016+00:00,134,80,0.9688666634763011,-0.011690613732159896,True,6.853753411137864,6.618770095505998e-07,,,null_A
2019-04-18 16:07:28.758970240+00:00,2019-05-18 16:07:28.758970240+00:00,102,57,0.9151491855262602,-0.023524343682973823,True,6.740723376773833,-6.892468427598691e-07,,,null_A
2019-06-12 02:23:33.303968384+00:00,2019-07-12 02:23:33.303968384+00:00,2132,1396,0.7416118417351956,-0.01198859984983857,True,8.380133847564647,9.890609179597404e-05,,,null_A
2015-11-16 12:14:19.241248064+00:00,2015-12-16 12:14:19.241248064+00:00,85,45,1.1960374348620741,0.012967801491510599,True,6.570222572608691,-1.0013130683648063e-07,,,null_A
2011-04-28 03:39:14.961170048+00:00,2011-05-28 03:39:14.961170048+00:00,123,66,0.8525709638790787,-0.000496300349805922,True,6.844075715162888,-2.483338619795841e-07,,,null_A
2011-06-05 15:40:02.024769280+00:00,2011-07-05 15:40:02.024769280+00:00,89,49,1.0555768657370703,0.006185767761256757,True,6.595617495846736,-8.28897126364583e-08,,,null_A
2024-11-23 13:01:49.267531136+00:00,2024-12-23 13:01:49.267531136+00:00,371,225,0.8480841731316753,0.017565676678429044,True,7.4364990689108,-1.78168084570478e-06,,,null_A
2003-07-25 21:11:29.554900064+00:00,2003-08-24 21:11:29.554900064+00:00,52,30,1.0123414496579302,,False,6.423636845806084,-1.6506625289390118e-07,,,null_A
2019-05-10 22:32:06.684353536+00:00,2019-06-09 22:32:06.684353536+00:00,86,38,0.9398172159637576,,False,6.635420980501605,9.064230970921102e-07,,,null_A
2004-12-09 03:02:15.308970432+00:00,2005-01-08 03:02:15.308970432+00:00,91,49,0.8518987034931687,-0.002312061806081214,True,6.741437540613533,4.25145568578354e-08,,,null_A
2000-11-25 07:14:15.406602096+00:00,2000-12-25 07:14:15.406602096+00:00,119,73,0.8290663488215839,0.0025012960521333476,True,6.904729401693821,5.331763692206491e-07,,,null_A
2001-04-15 07:57:28.918290984+00:00,2001-05-15 07:57:28.918290984+00:00,118,59,1.3443533280321038,-0.01722160645318798,True,6.658300160112286,-3.0570469821619636e-07,,,null_A
2015-02-06 00:13:14.826708224+00:00,2015-03-08 00:13:14.826708224+00:00,89,48,1.0723320540821026,-0.008527958665683285,True,6.662000929970557,-3.5695272565953804e-07,,,null_A
2019-03-29 12:43:14.557875712+00:00,2019-04-28 12:43:14.557875712+00:00,77,39,1.084346017556135,0.02507471621755145,True,6.536366620346885,1.4855925708960373e-07,,,null_A
2017-05-25 03:07:00.142273216+00:00,2017-06-24 03:07:00.142273216+00:00,64,36,0.9063537013633084,-0.0071371170100631666,True,6.48366239308496,-5.6425904552026196e-08,,,null_A
2000-12-31 14:29:29.377043632+00:00,2001-01-30 14:29:29.377043632+00:00,78,38,1.0504895170161423,0.014745170758627467,True,6.5890217703371485,-2.5450003483543413e-07,,,null_A
2015-09-13 05:37:50.563315904+00:00,2015-10-13 05:37:50.563315904+00:00,98,47,1.032465384393161,0.01762487110266706,True,6.713198621666461,-2.6993085849686346e-07,,,null_A
2001-05-11 04:50:30.544433512+00:00,2001-06-10 04:50:30.544433512+00:00,116,56,1.089139766528532,0.029474971523602542,True,6.717007656711907,-7.743016772884552e-07,,,null_A
2001-01-20 14:53:19.166819316+00:00,2001-02-19 14:53:19.166819316+00:00,104,66,0.9673788662036672,-0.036566280034952305,True,6.79221715308768,1.0178055128746684e-06,,,null_A
2011-06-05 18:24:39.373590784+00:00,2011-07-05 18:24:39.373590784+00:00,89,49,1.0555768657370703,0.006185767761256737,True,6.595617495846736,-8.28897126364568e-08,,,null_A
2015-11-10 10:51:35.869417664+00:00,2015-12-10 10:51:35.869417664+00:00,85,44,1.2148097395895159,0.008480389376148876,True,6.5676034939917995,-3.1232188054584807e-07,,,null_A
2003-08-14 01:44:19.745597072+00:00,2003-09-13 01:44:19.745597072+00:00,58,34,0.94532729735663,-0.015605147820710931,True,6.515054189225287,-1.910511578796711e-07,,,null_A
2017-06-09 04:39:51.778200384+00:00,2017-07-09 04:39:51.778200384+00:00,58,35,1.0511968787423116,0.03491204528762872,True,6.451212562041659,1.583734666339675e-08,,,null_A
2015-10-25 06:12:43.739749312+00:00,2015-11-24 06:12:43.739749312+00:00,96,54,1.0867424477653205,-0.0024448150654399524,True,6.649741235824526,1.6449202274891796e-09,,,null_A
2000-11-24 08:45:56.449940248+00:00,2000-12-24 08:45:56.449940248+00:00,112,69,0.8370480237800115,0.004400123328168416,True,6.882730893837405,4.1664112529876526e-07,,,null_A
2017-06-29 10:57:21.408658496+00:00,2017-07-29 10:57:21.408658496+00:00,81,42,1.2087719178221716,0.00010428538752339535,True,6.538225302863196,7.935176788633138e-08,,,null_A
2015-08-07 20:01:23.764620736+00:00,2015-09-06 20:01:23.764620736+00:00,78,43,0.9970455270603218,0.01788962847343181,True,6.587374033907069,-4.063978912717923e-07,,,null_A
2020-12-24 14:07:20.225012096+00:00,2021-01-23 14:07:20.225012096+00:00,138,73,0.9040061927270429,-0.0003011614979880894,True,6.8674678643855,7.158959819563555e-08,,,null_A
2014-12-21 17:31:15.300272576+00:00,2015-01-20 17:31:15.300272576+00:00,122,68,0.8550094027047229,-0.01127446371552933,True,6.865483263633313,-4.4400831386575975e-08,,,null_A
2019-03-29 11:57:16.162339840+00:00,2019-04-28 11:57:16.162339840+00:00,76,39,1.084346017556135,0.025222210112822645,True,6.533429746442219,1.5263134539896262e-07,,,null_A
2017-07-30 10:33:16.017341504+00:00,2017-08-29 10:33:16.017341504+00:00,81,37,1.0627576607420839,,False,6.532566859814911,2.304293080172058e-08,,,null_A
2020-11-27 23:31:37.858001024+00:00,2020-12-27 23:31:37.858001024+00:00,208,115,0.7472152217066728,0.008135421469458998,True,7.241119054541545,-3.2474755411966352e-06,,,null_A
2003-07-12 21:42:13.900776368+00:00,2003-08-11 21:42:13.900776368+00:00,54,32,1.0027001025183313,0.006466766656449888,True,6.4711448515484555,-4.602744030965843e-08,,,null_A
2001-02-10 12:58:24.165091760+00:00,2001-03-12 12:58:24.165091760+00:00,92,59,0.9047801706317746,0.01240125191741559,True,6.785642756817763,-4.978826966817528e-07,,,null_A
2019-02-25 20:23:03.996284544+00:00,2019-03-27 20:23:03.996284544+00:00,69,38,1.5351804941696316,0.004022817556571476,True,6.398549628354159,3.261930544367895e-08,,,null_A
2015-09-20 16:50:06.679783552+00:00,2015-10-20 16:50:06.679783552+00:00,91,43,1.0515012793828744,0.008088312290116079,True,6.6125394417909025,-3.4572980327044596e-07,,,null_A
2014-11-30 05:18:28.565379968+00:00,2014-12-30 05:18:28.565379968+00:00,110,69,1.0633896114735415,-0.00012769176631325353,True,6.752059074273519,-2.8340406623468386e-07,,,null_A
2017-07-08 20:13:34.531466368+00:00,2017-08-07 20:13:34.531466368+00:00,81,39,1.1224310665491604,0.03859946953118443,True,6.538207245638176,-1.239086555847248e-07,,,null_A
2015-10-17 10:29:59.573356480+00:00,2015-11-16 10:29:59.573356480+00:00,94,50,1.18143221410025,0.03942586604760134,True,6.586211682351986,-1.8562542885515635e-07,,,null_A
2001-01-07 20:17:34.547852344+00:00,2001-02-06 20:17:34.547852344+00:00,77,40,0.9090413017336522,0.008887582361874348,True,6.64181861580768,-1.4289005274004195e-07,,,null_A
2019-05-16 04:10:37.395246848+00:00,2019-06-15 04:10:37.395246848+00:00,95,48,0.859634438406437,-0.03616957742050739,True,6.735353338297764,8.323274694992484e-07,,,null_A
2000-12-02 15:44:16.962125196+00:00,2001-01-01 15:44:16.962125196+00:00,121,75,0.8578374017051323,-0.0029770668490363195,True,6.895655423718373,6.3428347689632e-07,,,null_A
2001-03-19 09:30:25.048862544+00:00,2001-04-18 09:30:25.048862544+00:00,131,70,1.1819834266418205,0.015104219311333012,True,6.721600551642169,6.459352706231083e-07,,,null_A
2019-04-13 04:54:08.958893952+00:00,2019-05-13 04:54:08.958893952+00:00,110,63,0.8897740604847125,0.007307211867023732,True,6.796222683508961,1.9552071259188477e-07,,,null_A
2001-03-21 19:26:40.347767208+00:00,2001-04-20 19:26:40.347767208+00:00,134,74,1.1802347286390236,0.0066826791143720365,True,6.737003865046044,6.796839098240035e-07,,,null_A
2024-11-20 06:05:45.631838336+00:00,2024-12-20 06:05:45.631838336+00:00,352,216,0.8386911764962224,-0.012421797044352765,True,7.4249768362075015,3.2891793461865273e-06,,,null_A
2003-05-30 10:45:14.795417008+00:00,2003-06-29 10:45:14.795417008+00:00,76,42,1.0287855747285164,0.0007565215312383561,True,6.548742244714192,2.4560658298176527e-07,,,null_A
2017-06-19 06:03:04.154347392+00:00,2017-07-19 06:03:04.154347392+00:00,64,38,1.0056788733896145,0.012547150189574571,True,6.52982529541236,-2.1794005810093044e-08,,,null_A
2014-10-31 12:15:14.865529408+00:00,2014-11-30 12:15:14.865529408+00:00,312,168,0.8583702701146625,0.019412161811613,True,7.270035302284832,-6.007710357032905e-06,,,null_A
2015-10-24 10:48:12.665362048+00:00,2015-11-23 10:48:12.665362048+00:00,96,54,1.0867424477653205,-0.002444815065439905,True,6.649741235824526,1.6449202274886345e-09,,,null_A
2000-11-22 09:20:48.610229056+00:00,2000-12-22 09:20:48.610229056+00:00,105,66,0.8548594036866874,-0.001922023395028716,True,6.841055849136597,2.1836956102793995e-07,,,null_A
2001-01-09 01:09:20.228534772+00:00,2001-02-08 01:09:20.228534772+00:00,84,46,0.9007009092673411,0.010251307533006859,True,6.687310007851324,-6.878795456845014e-09,,,null_A
2011-05-05 10:22:38.488381888+00:00,2011-06-04 10:22:38.488381888+00:00,116,66,0.899386125058507,-0.0037873216467266446,True,6.792359615129565,-2.1391698442789486e-07,,,null_A
2001-04-08 23:36:46.139584744+00:00,2001-05-08 23:36:46.139584744+00:00,155,83,1.3069775923846945,0.010864043118840903,True,6.783644884768059,-5.107035455487364e-07,,,null_A
2017-05-25 18:10:33.897263744+00:00,2017-06-24 18:10:33.897263744+00:00,61,33,0.962506239275173,,False,6.434930630877341,-9.130124188250054e-08,,,null_A
2000-01-16 06:44:13.190946679+00:00,2000-02-15 06:44:13.190946679+00:00,143,75,1.1637043995263976,0.01321842800896632,True,6.800034559000101,-5.20852678572125e-07,,,null_A
2000-01-12 09:19:25.092525840+00:00,2000-02-11 09:19:25.092525840+00:00,138,73,1.1583301855658523,0.0010365859002236647,True,6.767367489651942,-6.091182838842596e-07,,,null_A
2020-12-17 09:39:55.891519104+00:00,2021-01-16 09:39:55.891519104+00:00,128,65,0.9514371865086406,0.010314037344895693,True,6.812814914613899,-1.0612056656349136e-07,,,null_A
2001-03-18 05:17:19.599264560+00:00,2001-04-17 05:17:19.599264560+00:00,124,65,1.1179857949984702,0.005499891563957929,True,6.7062244196027185,5.464440601355826e-07,,,null_A
2011-06-25 20:55:45.421774976+00:00,2011-07-25 20:55:45.421774976+00:00,107,57,1.0467139732974788,-0.005423913550439903,True,6.681635573317598,-7.16753207025594e-08,,,null_A
2001-03-07 08:11:53.097182384+00:00,2001-04-06 08:11:53.097182384+00:00,90,44,1.0925647343478047,0.012211165442164617,True,6.565798925494959,-4.990927069182647e-09,,,null_A
2003-06-12 01:05:26.984220448+00:00,2003-07-12 01:05:26.984220448+00:00,71,35,0.9800326799879978,0.016028714601266304,True,6.525701574663644,-6.762047148659464e-08,,,null_A
2019-04-06 01:48:08.158001408+00:00,2019-05-06 01:48:08.158001408+00:00,105,62,0.9047801706317746,-0.005374745315321062,True,6.7729217610941905,1.1253342679813139e-06,,,null_A
2011-04-29 10:07:09.023299392+00:00,2011-05-29 10:07:09.023299392+00:00,126,69,0.8273417794402097,-0.0032925192596569403,True,6.8646760727422516,-2.223085592647975e-07,,,null_A
2015-01-14 05:58:16.521453376+00:00,2015-02-13 05:58:16.521453376+00:00,119,65,0.8973026485604385,0.05142146226551202,True,7.062718861054852,-1.6204439004473958e-06,,,null_A
2014-12-20 18:15:35.288358080+00:00,2015-01-19 18:15:35.288358080+00:00,122,68,0.898175935809645,-0.005147237120609866,True,6.83496678176869,2.0527964793583342e-10,,,null_A
2003-08-01 05:23:42.646238608+00:00,2003-08-31 05:23:42.646238608+00:00,57,32,0.9780030556582734,,False,6.498881415681816,4.934664098128294e-07,,,null_A
2017-04-09 09:23:41.051545408+00:00,2017-05-09 09:23:41.051545408+00:00,77,45,1.095473749195423,-0.01608952730348387,True,6.54210295467799,3.1394758579602775e-08,,,null_A
2001-04-04 23:19:44.297835400+00:00,2001-05-04 23:19:44.297835400+00:00,153,81,1.2469993985878558,0.005997526666739891,True,6.785250735675071,-4.2010259228342293e-07,,,null_A
2014-10-25 15:18:42.988867904+00:00,2014-11-24 15:18:42.988867904+00:00,319,173,0.8534925067506828,0.0015105128795922884,True,7.285322473144039,-2.1908197471504432e-06,,,null_A
2014-11-05 01:40:35.453207616+00:00,2014-12-05 01:40:35.453207616+00:00,305,164,0.8608205829361055,0.019361288169007344,True,7.262972462067714,-4.319444810665925e-06,,,null_A
2014-03-15 10:23:24.899314176+00:00,2014-04-14 10:23:24.899314176+00:00,107,52,0.9449084961911761,0.0045623955396690745,True,6.823873943254773,-5.713777299642848e-07,,,null_A
2014-12-30 05:37:00.162201408+00:00,2015-01-29 05:37:00.162201408+00:00,132,76,0.8165853692391679,-0.006730262181215432,True,7.109785571922686,7.181216929814219e-07,,,null_A
2001-02-15 07:26:25.020961376+00:00,2001-03-17 07:26:25.020961376+00:00,71,41,1.0274710766320458,-0.006353912254080025,True,6.563220355043816,-1.9605933706078298e-07,,,null_A
2019-01-22 01:04:29.236465408+00:00,2019-02-21 01:04:29.236465408+00:00,94,51,0.8348668894483916,-0.031165738979381102,True,6.768536161600822,-2.8858216377354905e-07,,,null_A
2003-06-08 07:07:50.993227888+00:00,2003-07-08 07:07:50.993227888+00:00,75,37,0.9413530070545004,0.002154223923688812,True,6.5615188788794345,4.3343943827089834e-08,,,null_A
2019-03-31 18:08:52.113169280+00:00,2019-04-30 18:08:52.113169280+00:00,92,55,0.8820604322259566,-0.02896284478902684,True,6.730953073228857,5.797264256191316e-07,,,null_A
2019-05-16 07:34:53.627748352+00:00,2019-06-15 07:34:53.627748352+00:00,96,49,0.8682345823443228,-0.03425572193263131,True,6.73867053571507,8.111558589519882e-07,,,null_A
2001-04-01 05:06:47.493497240+00:00,2001-05-01 05:06:47.493497240+00:00,147,79,1.2787649672141967,0.012531404736168743,True,6.756289621731018,-1.3408737948421075e-07,,,null_A
2000-01-22 04:17:53.165170266+00:00,2000-02-21 04:17:53.165170266+00:00,116,57,1.2707795415033563,0.010360663984612847,True,6.6723525140026245,1.0387307831088962e-09,,,null_A
2011-06-03 01:11:08.027757248+00:00,2011-07-03 01:11:08.027757248+00:00,82,45,1.0696908421262357,0.00965435586823678,True,6.554195366620014,-1.8251367728613777e-07,,,null_A
2015-10-03 21:41:36.124256832+00:00,2015-11-02 21:41:36.124256832+00:00,94,47,1.1650593977998214,0.0006159080931264658,True,6.571379068013299,3.0425751163775966e-07,,,null_A
2011-06-28 20:58:30.435614464+00:00,2011-07-28 20:58:30.435614464+00:00,109,57,1.0366325573067572,0.012628051535215162,True,6.687803430161197,-1.3608722397395457e-07,,,null_A
2014-12-11 07:23:59.299030656+00:00,2015-01-10 07:23:59.299030656+00:00,123,73,1.0207178744023624,-0.029640207579011174,True,6.800557861934851,8.274853820895701e-07,,,null_A
2001-01-01 12:52:05.613626496+00:00,2001-01-31 12:52:05.613626496+00:00,77,37,1.0093527531671052,0.0065725464729599415,True,6.588771569592252,-3.20182500328757e-07,,,null_A
2022-03-29 03:57:54.515609088+00:00,2022-04-28 03:57:54.515609088+00:00,86,42,0.9728196394632846,0.009737208681313298,True,6.605481081379778,-1.9049597010443965e-08,,,null_A
2004-12-05 12:53:26.033127872+00:00,2005-01-04 12:53:26.033127872+00:00,87,49,0.8945115432223338,0.00140473532546614,True,6.69784132660548,-6.699400487104126e-08,,,null_A
2019-05-23 12:44:17.804613888+00:00,2019-06-22 12:44:17.804613888+00:00,101,48,0.9147053589888581,0.02390252244726271,True,6.716695432758266,-2.1050791917377738e-07,,,null_A
2003-06-16 03:11:45.902339472+00:00,2003-07-16 03:11:45.902339472+00:00,72,32,0.9409223710835528,,False,6.542064583585115,-2.9965696076025327e-07,,,null_A
2017-06-23 21:28:25.431012288+00:00,2017-07-23 21:28:25.431012288+00:00,74,41,1.066231961558882,0.004198169265688329,True,6.563541931560205,2.983280373928368e-08,,,null_A
2015-08-02 23:18:26.415236672+00:00,2015-09-01 23:18:26.415236672+00:00,75,41,1.003724563586997,-0.012233578640733149,True,6.5695861319948525,-1.3770692397191802e-07,,,null_A
2024-04-28 10:09:23.492396672+00:00,2024-05-28 10:09:23.492396672+00:00,118,67,0.752268104641104,0.01803108128703276,True,6.940930827037154,5.259188453325784e-07,,,null_A
2015-10-03 04:09:00.312091712+00:00,2015-11-02 04:09:00.312091712+00:00,95,48,1.1698167862713873,-0.010449558193142881,True,6.576107006485464,3.0114522510492013e-07,,,null_A
2019-01-20 19:17:47.851020160+00:00,2019-02-19 19:17:47.851020160+00:00,97,54,0.836373110655335,0.022798764608184273,True,6.782420974581177,4.611330198989975e-08,,,null_A
2011-05-17 13:50:55.359043776+00:00,2011-06-16 13:50:55.359043776+00:00,95,56,0.8859923856678362,0.005644256787803237,True,6.710688381312553,-2.76148919321334e-07,,,null_A
2020-11-28 22:16:26.963143808+00:00,2020-12-28 22:16:26.963143808+00:00,211,116,0.7461220364451602,0.010446097355998555,True,7.244295359103751,-3.0233004227513597e-06,,,null_A
2003-06-13 04:06:39.979198064+00:00,2003-07-13 04:06:39.979198064+00:00,69,34,1.0472349209014598,-0.022638346971537285,True,6.499722473844518,-2.218123519938306e-07,,,null_A
2019-04-18 19:17:19.386962944+00:00,2019-05-18 19:17:19.386962944+00:00,102,57,0.9151491855262602,-0.02352434368297385,True,6.740723376773833,-6.892468427598667e-07,,,null_A
2024-11-19 00:51:25.790817920+00:00,2024-12-19 00:51:25.790817920+00:00,349,214,0.8345817091172404,-0.01677360600786509,True,7.423318341760034,5.1168115084490474e-06,,,null_A
2003-06-10 03:41:16.230632432+00:00,2003-07-10 03:41:16.230632432+00:00,74,37,0.9968297661551075,0.006226737572054987,True,6.541037715514745,-5.9492671141531284e-08,,,null_A
2024-11-26 10:18:49.693471360+00:00,2024-12-26 10:18:49.693471360+00:00,376,227,0.8486256984767001,0.010794796781462375,True,7.4395408908114975,-6.1052139251741136e-06,,,null_A
2011-06-29 20:53:03.298303232+00:00,2011-07-29 20:53:03.298303232+00:00,102,54,1.0399956551119995,0.006562508249440508,True,6.662899857167738,-1.979214979249941e-07,,,null_A
2001-04-13 03:48:12.853768560+00:00,2001-05-13 03:48:12.853768560+00:00,143,72,1.360121909396875,0.019674534456211173,True,6.733751456208743,-3.9011445991842604e-07,,,null_A
2022-04-03 02:38:53.789376768+00:00,2022-05-03 02:38:53.789376768+00:00,86,39,0.9963226349545193,0.0255711859727642,True,6.576888033949831,1.5126870604882504e-07,,,null_A
2003-08-02 22:54:20.515659776+00:00,2003-09-01 22:54:20.515659776+00:00,56,31,0.970665388536468,,False,6.492240636271367,5.62454581782406e-07,,,null_A
2001-04-25 18:58:55.117363120+00:00,2001-05-25 18:58:55.117363120+00:00,120,61,1.1553407499388733,-0.009065950538956822,True,6.737927370280691,4.651949229120516e-07,,,null_A
2000-01-05 21:17:25.285649322+00:00,2000-02-04 21:17:25.285649322+00:00,147,71,1.0292025438962247,0.0022513678256085765,True,6.853819938042781,-5.785891298152317e-07,,,null_A
2019-04-21 10:11:38.825072+00:00,2019-05-21 10:11:38.825072+00:00,102,57,0.9061048853764775,0.02298835194522729,True,6.741619502836325,-1.1711277382875117e-06,,,null_A
2000-11-13 05:56:55.874723596+00:00,2000-12-13 05:56:55.874723596+00:00,100,61,0.9546653476071488,-0.023259339219694863,True,6.768573696729393,3.1433016250254845e-07,,,null_A
2003-06-02 23:56:23.883774320+00:00,2003-07-02 23:56:23.883774320+00:00,75,38,1.0504895170161401,-0.014124591186276554,True,6.515233395856976,1.8372477226762345e-07,,,null_A
2024-04-23 13:47:07.952909568+00:00,2024-05-23 13:47:07.952909568+00:00,123,72,0.8015688976425062,0.018507086900428293,True,6.945956512791325,2.1442028754714815e-06,,,null_A
2001-03-26 07:39:50.425536152+00:00,2001-04-25 07:39:50.425536152+00:00,143,79,1.2462500570416597,0.008933912099435353,True,6.753694197945955,4.291009401962633e-07,,,null_A
2014-12-28 06:22:05.258033344+00:00,2015-01-27 06:22:05.258033344+00:00,127,73,0.8666893706653191,-0.009626975278297535,True,6.896074689544126,-2.444029650255719e-07,,,null_A
2000-01-10 21:09:03.896157030+00:00,2000-02-09 21:09:03.896157030+00:00,145,74,1.0585570375770958,0.006129169797293823,True,6.849437152130246,-5.398274510722974e-07,,,null_A
2022-03-08 22:13:17.622752896+00:00,2022-04-07 22:13:17.622752896+00:00,85,48,1.0173809239314833,-0.015350166549244437,True,6.641207891182978,9.07092226547241e-08,,,null_A
2003-05-11 01:38:50.188037760+00:00,2003-06-10 01:38:50.188037760+00:00,99,48,0.8239579103302811,0.003486249864837727,True,6.742061805353767,-3.455012322932481e-07,,,null_A
2001-02-06 05:26:14.915289856+00:00,2001-03-08 05:26:14.915289856+00:00,97,66,0.9494347732896536,0.0341709353833783,True,6.798862755001277,-9.762970256040819e-07,,,null_A
2015-10-11 18:56:24.368171328+00:00,2015-11-10 18:56:24.368171328+00:00,95,52,1.1081115338061402,0.0018704575490422794,True,6.60595915493909,8.867032531110944e-08,,,null_A
2014-11-20 08:48:53.314275968+00:00,2014-12-20 08:48:53.314275968+00:00,125,73,1.121453738200827,-0.0029959894764627513,True,6.7646152231120205,1.0471143009300945e-07,,,null_A
2001-04-23 16:29:55.882664080+00:00,2001-05-23 16:29:55.882664080+00:00,127,67,1.1578881928976474,-0.017769168177187957,True,6.761012380858946,2.542606982769418e-07,,,null_A
2000-12-16 22:57:41.056237084+00:00,2001-01-15 22:57:41.056237084+00:00,123,68,0.8510669962369201,0.006091379439800729,True,6.885850377219491,-9.921932722681566e-07,,,null_A
2019-04-24 00:14:05.787788416+00:00,2019-05-24 00:14:05.787788416+00:00,99,55,0.8592157016071538,0.027605533745195084,True,6.754176554279024,-1.2717477889478936e-06,,,null_A
2015-02-17 17:11:07.798505600+00:00,2015-03-19 17:11:07.798505600+00:00,72,42,1.112217575605889,-0.0032738547512806233,True,6.513976824677805,-2.466739222541714e-07,,,null_A
2017-03-13 08:55:52.613366592+00:00,2017-04-12 08:55:52.613366592+00:00,96,49,1.0688312211581803,0.02975490229830343,True,6.628247715417192,-1.2401189439946362e-07,,,null_A
2000-12-31 02:11:44.764298220+00:00,2001-01-30 02:11:44.764298220+00:00,81,39,1.0585927996391766,0.014257313457906427,True,6.598395810793795,-2.1714760345970722e-07,,,null_A
2003-06-24 22:53:44.384926640+00:00,2003-07-24 22:53:44.384926640+00:00,61,26,,,False,6.476667035583557,9.041824082446266e-08,,,null_A
2024-04-12 20:21:10.915314048+00:00,2024-05-12 20:21:10.915314048+00:00,92,46,0.7663040340448626,-0.004599867957304106,True,6.821137003243565,5.001869222612212e-07,,,null_A
2015-10-21 15:59:55.801767552+00:00,2015-11-20 15:59:55.801767552+00:00,100,56,1.0901161356603366,-0.0008689035319308334,True,6.665029748460347,-8.726339857497013e-08,,,null_A
2000-11-22 21:36:31.268428648+00:00,2000-12-22 21:36:31.268428648+00:00,108,67,0.8621549714820109,0.0059959592099881895,True,6.8461061845656035,2.6781103335455677e-07,,,null_A
2001-01-02 20:38:53.984212324+00:00,2001-02-01 20:38:53.984212324+00:00,77,40,1.027308058907752,0.017834933935426983,True,6.597966486915871,-3.8617671639873375e-07,,,null_A
2017-08-02 23:53:02.840697792+00:00,2017-09-01 23:53:02.840697792+00:00,88,43,1.0707948808394392,-0.0019331632988807228,True,6.57807273397326,-1.9279525490315637e-07,,,null_A
2001-02-14 18:41:23.492061704+00:00,2001-03-16 18:41:23.492061704+00:00,74,42,1.0507124562175454,-0.00415303144102231,True,6.570489986102702,-1.8881703079567564e-07,,,null_A
2024-04-26 07:43:49.306696320+00:00,2024-05-26 07:43:49.306696320+00:00,117,66,0.7732245968603898,0.021549652658342508,True,6.930932365140113,1.3729918543394122e-06,,,null_A
2020-12-26 01:23:15.610035328+00:00,2021-01-25 01:23:15.610035328+00:00,139,71,0.9005522259091973,0.0039651756615555495,True,6.862281574672619,6.786452767456604e-08,,,null_A
2017-07-25 06:28:23.458123328+00:00,2017-08-24 06:28:23.458123328+00:00,88,42,1.0623394432112154,-0.001236709440164563,True,6.5779280352660106,1.7815269448596162e-07,,,null_A
2011-05-17 03:17:24.809907584+00:00,2011-06-16 03:17:24.809907584+00:00,98,58,0.9096814716644498,0.00027638293452212314,True,6.717333087727792,-3.045596299490372e-07,,,null_A
2019-06-08 04:06:15.885405696+00:00,2019-07-08 04:06:15.885405696+00:00,1811,1212,0.7237942770055434,-0.008092854299815,True,8.346408937985412,0.0002420647362148757,,,null_A
2000-11-16 07:42:00.084718492+00:00,2000-12-16 07:42:00.084718492+00:00,99,60,0.9558939440277,-0.004448562862485531,True,6.760397625467343,2.155458113667359e-07,,,null_A
2024-04-24 20:26:57.695438720+00:00,2024-05-24 20:26:57.695438720+00:00,118,66,0.7732245968603898,0.02035587016535916,True,6.932051752583335,1.9251257104932915e-06,,,null_A
2001-03-23 05:04:09.647524848+00:00,2001-04-22 05:04:09.647524848+00:00,130,73,1.1873968980875438,0.005677947187614787,True,6.725102751550555,6.904340681050021e-07,,,null_A
2015-08-07 15:00:56.787091456+00:00,2015-09-06 15:00:56.787091456+00:00,79,43,0.9970455270603218,0.02080409649188422,True,6.589484384810736,-3.827854078005525e-07,,,null_A
2019-03-17 09:04:02.374885504+00:00,2019-04-16 09:04:02.374885504+00:00,75,37,1.0293975547995078,-0.028426384719608594,True,6.547342938452811,5.4753514858129654e-08,,,null_A
2001-04-07 19:52:00.700389400+00:00,2001-05-07 19:52:00.700389400+00:00,158,85,1.2751306031701686,0.012770633199565036,True,6.799405755506915,-5.009054654901844e-07,,,null_A
2015-09-22 19:46:30.556136576+00:00,2015-10-22 19:46:30.556136576+00:00,91,43,1.0870001584307234,0.0067333125694287125,True,6.607241287869756,-3.1631710504399817e-07,,,null_A
2011-06-16 05:21:20.598905600+00:00,2011-07-16 05:21:20.598905600+00:00,102,51,1.0517102838112955,-0.008903004241953045,True,6.646219565206202,3.765742414688924e-07,,,null_A
2016-04-03 02:01:07.771088640+00:00,2016-05-03 02:01:07.771088640+00:00,81,43,1.4299129189770172,0.04920315472468609,True,6.468535436243522,-9.299320404860041e-08,,,null_B
2022-03-23 19:57:24.514193280+00:00,2022-04-22 19:57:24.514193280+00:00,90,47,0.978515850884605,0.006026698698598756,True,6.636376330298408,-1.0821623710734612e-07,,,null_B
2006-12-11 03:37:54.565053536+00:00,2007-01-10 03:37:54.565053536+00:00,80,47,0.9733829589629377,0.03291281809661921,True,6.6175838215863765,-3.76248537497106e-07,,,null_B
2006-12-10 06:03:57.854337312+00:00,2007-01-09 06:03:57.854337312+00:00,80,47,0.9328994812364189,0.02321698032542757,True,6.630089475588151,-3.6586081643065756e-07,,,null_B
2000-02-07 06:42:07.455405104+00:00,2000-03-08 06:42:07.455405104+00:00,112,60,0.9191417606418025,-0.03956406268500492,True,6.807600636929927,5.446378268093959e-07,,,null_B
2000-11-03 11:24:51.641877440+00:00,2000-12-03 11:24:51.641877440+00:00,93,51,1.0497165202400878,-0.027049505552317832,True,6.665069945419613,2.317252501109424e-07,,,null_B
2018-12-20 05:40:23.287932416+00:00,2019-01-19 05:40:23.287932416+00:00,69,38,1.0014071791458474,-0.006238168107381386,True,6.517222440777392,3.2280153452944155e-07,,,null_B
2001-04-05 21:11:13.320970408+00:00,2001-05-05 21:11:13.320970408+00:00,152,81,1.2550072434592723,0.01083283181027322,True,6.782571222928821,-4.713987239832813e-07,,,null_B
2013-11-03 07:17:23.724876992+00:00,2013-12-03 07:17:23.724876992+00:00,62,32,1.2856080870401547,,False,6.381493805362063,-1.1806745746523916e-07,,,null_B
2013-06-08 00:21:28.827754304+00:00,2013-07-08 00:21:28.827754304+00:00,82,43,1.4892075535757425,-0.01850183418093443,True,6.478048524791027,1.9004344923361303e-07,,,null_B
2000-02-06 05:17:04.239543793+00:00,2000-03-07 05:17:04.239543793+00:00,114,61,0.9374367797628579,-0.039790494930192044,True,6.809065405641222,4.883326124623549e-07,,,null_B
2021-01-03 12:01:19.634610304+00:00,2021-02-02 12:01:19.634610304+00:00,108,59,0.9840005542354786,0.008682581010839057,True,6.737098292689417,-2.982841079138094e-07,,,null_B
2011-05-05 04:08:47.659842560+00:00,2011-06-04 04:08:47.659842560+00:00,115,66,0.9005163620991081,-0.006828629054257798,True,6.790239965017424,-1.8562689249338865e-07,,,null_B
2014-04-18 01:54:16.463697728+00:00,2014-05-18 01:54:16.463697728+00:00,52,25,,,False,6.3898953454234615,-1.4454150072600426e-07,,,null_B
2019-01-07 21:04:29.977232256+00:00,2019-02-06 21:04:29.977232256+00:00,87,53,0.784780345750847,-0.010596159618322411,True,6.7822094824782715,3.875689007895311e-07,,,null_B
2004-10-29 23:48:12.186494272+00:00,2004-11-28 23:48:12.186494272+00:00,92,46,0.9623095456430435,-0.025030397010340898,True,6.65417463445114,3.624379959413454e-07,,,null_B
2017-02-13 06:19:14.249394752+00:00,2017-03-15 06:19:14.249394752+00:00,63,36,0.9223953597945183,-0.011723315180949975,True,6.53418070285637,7.496882845049974e-08,,,null_B
2017-05-31 05:56:36.873414400+00:00,2017-06-30 05:56:36.873414400+00:00,64,39,0.9009300422461074,-0.0004404645281290222,True,6.531465962932099,-1.3644536879382598e-07,,,null_B
2017-04-22 20:52:00.653109184+00:00,2017-05-22 20:52:00.653109184+00:00,55,36,0.9747257698576736,0.0334150793770444,True,6.474045983016865,-2.2371994661521756e-07,,,null_B
2009-01-11 03:35:22.150638752+00:00,2009-02-10 03:35:22.150638752+00:00,96,59,0.8297724880923533,-0.004161080970192027,True,6.7680812367856005,-3.311356984964728e-07,,,null_B
2009-01-15 19:44:41.888847648+00:00,2009-02-14 19:44:41.888847648+00:00,100,56,0.8701427902176063,0.006626440675748338,True,6.750153247116858,-6.383402384010738e-07,,,null_B
2024-02-27 23:01:31.415709952+00:00,2024-03-28 23:01:31.415709952+00:00,58,29,,,False,6.39031108814367,1.7180043988745387e-08,,,null_B
2006-08-12 21:58:06.962249216+00:00,2006-09-11 21:58:06.962249216+00:00,61,38,1.3004878102697834,-0.00548974530373692,True,6.4018067286835265,4.9189029197068135e-08,,,null_B
2005-01-11 18:25:05.642632992+00:00,2005-02-10 18:25:05.642632992+00:00,90,36,1.0880028774194195,0.008963805050187564,True,6.581868798682763,2.420819606031201e-07,,,null_B
2019-04-03 09:55:11.939779584+00:00,2019-05-03 09:55:11.939779584+00:00,105,63,0.8817451614535892,-0.007105659250787863,True,6.783784320869646,1.0170411423050595e-06,,,null_B
2015-12-15 16:43:00.090420416+00:00,2016-01-14 16:43:00.090420416+00:00,133,80,0.7842789740916511,0.008769918894937275,True,6.9839237167348545,-6.533710976835181e-07,,,null_B
2018-08-17 17:30:54.380819840+00:00,2018-09-16 17:30:54.380819840+00:00,63,35,1.0795672490492758,0.12680171315547967,True,6.494502766007307,-1.243255610941908e-07,,,null_B
2018-11-28 17:23:17.291807488+00:00,2018-12-28 17:23:17.291807488+00:00,65,33,0.993189043853591,0.00474711787507979,True,6.49006088301448,-1.3183618064992148e-07,,,null_B
2016-03-29 14:50:30.648306112+00:00,2016-04-28 14:50:30.648306112+00:00,82,43,1.3473782627590059,0.015673822440612956,True,6.483324344455557,-6.415828571675203e-08,,,null_B
2003-08-10 06:30:47.516963808+00:00,2003-09-09 06:30:47.516963808+00:00,56,31,0.9965306394523178,,False,6.4757277586657604,8.98093978861144e-08,,,null_B
2002-06-24 17:22:54.682294944+00:00,2002-07-24 17:22:54.682294944+00:00,64,33,1.2451535971161858,0.006666895264706862,True,6.381658456014469,-1.62950941798611e-08,,,null_B
2012-04-05 05:51:25.973609792+00:00,2012-05-05 05:51:25.973609792+00:00,90,44,1.0301324638136424,-0.019596496221855178,True,6.63663412091659,3.555380425207552e-08,,,null_B
2015-12-06 04:00:36.461367424+00:00,2016-01-05 04:00:36.461367424+00:00,121,72,0.7930307556945007,-0.03034725671365372,True,6.926769269936151,1.3982104342075205e-06,,,null_B
2015-03-15 12:25:47.451149376+00:00,2015-04-14 12:25:47.451149376+00:00,76,36,0.9317402472298626,0.011096137486018039,True,6.59744369836707,1.4521798104602762e-07,,,null_B
2003-08-24 22:19:27.716213360+00:00,2003-09-23 22:19:27.716213360+00:00,60,37,1.028738529476333,0.030338008587951184,True,6.511058846980454,-1.1568146604011155e-07,,,null_B
2011-12-09 04:30:31.718362240+00:00,2012-01-08 04:30:31.718362240+00:00,63,31,1.0813758183936373,-0.06703943979961674,True,6.46034526136417,3.315571799388207e-07,,,null_B
2017-04-17 05:53:16.669416640+00:00,2017-05-17 05:53:16.669416640+00:00,70,42,1.0363845590873058,-0.013646296412416808,True,6.5404182661037416,-1.0726636021555912e-07,,,null_B
2015-11-15 22:46:34.185528128+00:00,2015-12-15 22:46:34.185528128+00:00,85,45,1.1960374348620741,0.012967801491510606,True,6.570222572608691,-1.0013130683647932e-07,,,null_B
2006-01-09 17:18:18.535155360+00:00,2006-02-08 17:18:18.535155360+00:00,92,49,1.0555768657370703,0.023614196043898132,True,6.622776066836727,2.727808873114771e-07,,,null_B
2005-01-09 13:01:56.986500576+00:00,2005-02-08 13:01:56.986500576+00:00,86,36,1.144553539422919,0.004266048949625159,True,6.560830240364088,7.946429146675128e-08,,,null_B
2016-09-11 19:18:53.509207040+00:00,2016-10-11 19:18:53.509207040+00:00,101,58,0.8863152691903095,-0.020015551261505973,True,6.74214401057471,8.498382598465027e-08,,,null_B
2003-09-04 20:33:14.985168368+00:00,2003-10-04 20:33:14.985168368+00:00,74,45,1.1225302519038682,0.005798806929582491,True,6.549103374840101,8.62270319235438e-08,,,null_B
2003-07-14 20:57:37.127043536+00:00,2003-08-13 20:57:37.127043536+00:00,53,32,0.984934331743733,-0.0028606294427526444,True,6.469156198587588,2.6348411281848526e-08,,,null_B
2021-01-07 09:24:08.685021056+00:00,2021-02-06 09:24:08.685021056+00:00,105,58,1.035309492412192,0.016150938298201273,True,6.7132720991911095,-7.653882990984767e-07,,,null_B
2001-03-21 06:16:11.119751128+00:00,2001-04-20 06:16:11.119751128+00:00,131,72,1.197594894562777,0.009568486706370165,True,6.7235824185219455,7.140396721964564e-07,,,null_B
2021-01-02 19:00:04.928444800+00:00,2021-02-01 19:00:04.928444800+00:00,118,61,0.9848313530148093,0.010087266808323765,True,6.760786920977887,-2.0130778444786674e-07,,,null_B
2015-10-11 08:11:26.695619136+00:00,2015-11-10 08:11:26.695619136+00:00,95,51,1.0900107567453674,-0.0012166273696560767,True,6.60550179268209,1.2673866304221594e-07,,,null_B
2012-04-21 15:31:51.639025536+00:00,2012-05-21 15:31:51.639025536+00:00,89,46,0.8640807165895147,0.016136093750060386,True,6.698687064782637,-1.1012075968995326e-07,,,null_B
2000-01-29 20:05:10.814466967+00:00,2000-02-28 20:05:10.814466967+00:00,102,48,1.1082474817307857,-0.007480279716651773,True,6.669458618329038,1.0860331373484832e-07,,,null_B
2017-12-17 18:06:33.601781120+00:00,2018-01-16 18:06:33.601781120+00:00,78,41,1.0480325931744165,-0.01887520151052485,True,6.580208268741913,-3.194797341458262e-08,,,null_B
2013-06-14 12:23:14.723459584+00:00,2013-07-14 12:23:14.723459584+00:00,85,44,1.5510517210830432,-0.03284391164910675,True,6.477747587727638,-1.6300483751032786e-08,,,null_B
2015-11-15 09:31:15.661124800+00:00,2015-12-15 09:31:15.661124800+00:00,83,43,1.2126404364831045,0.014614573968957725,True,6.555437095114157,-1.0334602237871452e-07,,,null_B
2003-08-18 10:09:26.503012496+00:00,2003-09-17 10:09:26.503012496+00:00,64,38,0.9673616830201386,0.013029605088567696,True,6.544692474148424,-2.2743523175223057e-07,,,null_B
2005-11-25 06:39:15.152836160+00:00,2005-12-25 06:39:15.152836160+00:00,73,44,1.0808233712524367,0.030484643766120936,True,6.53733531638125,-3.140096449289827e-07,,,null_B
2006-12-02 09:45:23.894240448+00:00,2007-01-01 09:45:23.894240448+00:00,73,45,0.9257816999358761,-0.020734533124889914,True,6.609489564234167,1.6777598299780905e-08,,,null_B
2001-03-29 03:38:24.020287560+00:00,2001-04-28 03:38:24.020287560+00:00,146,79,1.2660245044412153,0.007741739089541018,True,6.754339325120192,2.614795889848805e-07,,,null_B
2001-03-14 18:45:25.838762024+00:00,2001-04-13 18:45:25.838762024+00:00,98,54,1.0611720372296658,0.0030734471709425466,True,6.622114198492886,3.686621838708918e-09,,,null_B
2008-05-14 18:07:04.390320256+00:00,2008-06-13 18:07:04.390320256+00:00,97,53,1.1701884870804435,-0.023234698692241637,True,6.631205393027649,5.460127335825765e-07,,,null_B
2000-10-30 17:25:06.339189748+00:00,2000-11-29 17:25:06.339189748+00:00,97,47,1.1499628534903008,0.010517012524640362,True,6.600270022128456,1.3622554113896e-07,,,null_B
2017-12-18 23:50:09.859455808+00:00,2018-01-17 23:50:09.859455808+00:00,76,41,1.0388607793485034,0.0053123740535407395,True,6.576564021536443,-1.2437963084749258e-07,,,null_B
2003-04-09 22:50:46.167812016+00:00,2003-05-09 22:50:46.167812016+00:00,70,37,1.0976021742090383,-0.018596780328774088,True,6.493089001748646,-8.926380129970265e-08,,,null_B
2005-12-19 13:23:45.929896160+00:00,2006-01-18 13:23:45.929896160+00:00,69,38,1.2783261279878848,-0.15143952922918735,True,6.449023378821449,6.746897803928689e-08,,,null_B
2017-09-04 23:01:25.651138880+00:00,2017-10-04 23:01:25.651138880+00:00,74,31,1.0324485382669324,,False,6.475787335299263,2.393579812546889e-08,,,null_B
2017-08-10 18:24:46.114903552+00:00,2017-09-09 18:24:46.114903552+00:00,81,36,1.0556786865980454,0.015849517709533915,True,6.528733384081902,-1.3815998875744137e-07,,,null_B
2019-11-13 12:54:14.458607232+00:00,2019-12-13 12:54:14.458607232+00:00,97,52,1.0005898564009361,0.018730747084422985,True,6.64714956369306,-1.7650018837287223e-07,,,null_B
2017-07-31 12:22:57.175419456+00:00,2017-08-30 12:22:57.175419456+00:00,85,37,1.0536980872406763,-0.018759885137304106,True,6.544925668391462,-1.1023769941513394e-07,,,null_B
2004-06-29 20:21:42.006384640+00:00,2004-07-29 20:21:42.006384640+00:00,105,59,1.0361251286814341,-0.012616562017324051,True,6.707327098226406,2.3680473161891914e-08,,,null_B
2000-12-01 12:25:23.731267224+00:00,2000-12-31 12:25:23.731267224+00:00,122,76,0.8081875765094791,0.0009266265734823614,True,6.934995211865615,6.780938933407329e-07,,,null_B
2012-03-10 18:14:53.073678720+00:00,2012-04-09 18:14:53.073678720+00:00,87,50,1.2057037254393432,0.012402565552834173,True,6.563599249074449,3.5938845714604e-07,,,null_B
2019-02-19 00:04:22.383225856+00:00,2019-03-21 00:04:22.383225856+00:00,64,34,1.502137577284902,0.01518492593663754,True,6.366547995103974,-6.446257674465772e-08,,,null_B
2022-03-30 14:18:01.019022208+00:00,2022-04-29 14:18:01.019022208+00:00,86,41,0.9278829472659362,0.007875491225642134,True,6.609822189280433,2.9747871207223598e-08,,,null_B
2019-11-03 12:56:10.420498176+00:00,2019-12-03 12:56:10.420498176+00:00,125,69,0.9586154590954693,0.0026767303343842638,True,6.786144560596933,-5.54468275072939e-07,,,null_B
2017-07-10 19:28:13.664001216+00:00,2017-08-09 19:28:13.664001216+00:00,78,35,1.2645845978880046,0.012780511108471254,True,6.478517424855785,-1.1173242013863751e-07,,,null_B
2017-06-28 00:03:02.466342464+00:00,2017-07-28 00:03:02.466342464+00:00,77,41,1.2434409048905957,-0.01005236719794307,True,6.515684135758096,4.4184185250914125e-08,,,null_B
2024-02-23 21:30:43.226572160+00:00,2024-03-24 21:30:43.226572160+00:00,59,30,1.112624633398594,,False,6.390870423339493,5.906786458490729e-08,,,null_B
2001-04-29 00:04:09.299876608+00:00,2001-05-29 00:04:09.299876608+00:00,116,59,1.1150293486637022,-0.015173406712390489,True,6.734575161609347,4.831423884609715e-07,,,null_B
2015-11-26 12:16:16.894018112+00:00,2015-12-26 12:16:16.894018112+00:00,102,63,1.0033205852550373,-0.019126458259995392,True,6.750710661930194,9.028618616909622e-07,,,null_B
2006-01-08 06:29:35.987852576+00:00,2006-02-07 06:29:35.987852576+00:00,87,46,1.0970645891021173,0.05013978464525929,True,6.581188728290313,2.796952429913697e-07,,,null_B
2017-05-11 11:34:52.967990848+00:00,2017-06-10 11:34:52.967990848+00:00,57,30,0.7968706089967931,,False,6.476426269945795,2.2113887975015624e-07,,,null_B
2018-05-01 12:10:07.294523008+00:00,2018-05-31 12:10:07.294523008+00:00,72,40,0.9344690304534735,0.028203238371709786,True,6.595215970408919,-4.5572769691463277e-07,,,null_B
2011-05-16 07:01:33.626429184+00:00,2011-06-15 07:01:33.626429184+00:00,99,58,0.9096814716644498,0.002893921246895599,True,6.718798913850574,-3.1577789700227707e-07,,,null_B
2000-10-17 04:09:09.184741332+00:00,2000-11-16 04:09:09.184741332+00:00,91,31,1.0412319365043174,0.03331287567834292,True,6.51111545303233,7.13093636720957e-08,,,null_B
2000-01-21 09:00:55.783158583+00:00,2000-02-20 09:00:55.783158583+00:00,118,60,1.2867984648985225,0.004614412198018568,True,6.680506365494307,1.4207526038375259e-09,,,null_B
2017-04-22 00:06:05.778506176+00:00,2017-05-22 00:06:05.778506176+00:00,55,36,0.9977409922474204,0.03889306340335182,True,6.4671302990721085,-2.276177059416172e-07,,,null_B
2014-01-26 23:37:06.561249984+00:00,2014-02-25 23:37:06.561249984+00:00,72,44,1.0262597853782542,0.029831166057555453,True,6.56499974409906,-5.121312847197542e-07,,,null_B
2019-02-12 08:59:05.939327232+00:00,2019-03-14 08:59:05.939327232+00:00,63,31,1.3463128939000837,,False,6.375094538146389,-1.4240143162213928e-08,,,null_B
2017-05-18 13:00:56.740427840+00:00,2017-06-17 13:00:56.740427840+00:00,63,34,0.8721802944306304,0.009437626430488183,True,6.480472287947369,1.5417813669941764e-07,,,null_B
2000-09-29 23:12:12.952832696+00:00,2000-10-29 23:12:12.952832696+00:00,90,39,0.9618106072814778,-0.007452607508234935,True,6.586897331994565,-1.731050604513077e-07,,,null_B
2014-04-22 15:15:21.963232384+00:00,2014-05-22 15:15:21.963232384+00:00,41,20,,,False,6.265208740142742,-5.181864569934849e-08,,,null_B
2018-08-10 21:39:27.331638656+00:00,2018-09-09 21:39:27.331638656+00:00,73,41,0.9881283994469104,-0.0007130162439959362,True,6.606775356294604,1.1569501952579278e-07,,,null_B
2019-01-14 22:32:19.114103808+00:00,2019-02-13 22:32:19.114103808+00:00,101,61,0.8018148727632682,-0.0029787891900818694,True,6.8349895163449,8.021998638099402e-07,,,null_B
2022-05-09 17:23:03.239135616+00:00,2022-06-08 17:23:03.239135616+00:00,69,32,0.9364840580124026,0.005591240073670472,True,6.527547673590542,1.479465965346541e-07,,,null_B
2020-12-23 10:04:41.858647552+00:00,2021-01-22 10:04:41.858647552+00:00,137,72,0.888582060160106,-0.0016960824704802865,True,6.8675004512676745,6.316111312435335e-08,,,null_B
2004-11-20 19:36:04.574460128+00:00,2004-12-20 19:36:04.574460128+00:00,88,54,0.8823138458531089,0.0018291069307185127,True,6.741372179607747,7.002405092610089e-09,,,null_B
2000-10-14 07:27:28.078489516+00:00,2000-11-13 07:27:28.078489516+00:00,87,32,1.0041490911057842,0.01207149396151458,True,6.505771547872734,1.1013446113022981e-07,,,null_B
2015-02-21 19:08:23.475331840+00:00,2015-03-23 19:08:23.475331840+00:00,67,38,1.1090853704518515,0.03147068391145106,True,6.48104697858558,-2.6563731188688e-07,,,null_B
2003-04-15 21:03:21.938077440+00:00,2003-05-15 21:03:21.938077440+00:00,67,39,1.0585927996391766,0.000656323653307685,True,6.514227518805149,-2.3303189499356642e-07,,,null_B
2017-07-03 20:50:37.684770368+00:00,2017-08-02 20:50:37.684770368+00:00,77,36,1.1272243221713822,0.00011835311929601054,True,6.510810964357128,6.096005500679101e-09,,,null_B
2011-06-01 08:48:48.663049152+00:00,2011-07-01 08:48:48.663049152+00:00,81,45,1.0791414514437525,0.011319429705525718,True,6.548917382524149,-1.8182709031808667e-07,,,null_B
2003-08-19 04:50:43.111120080+00:00,2003-09-18 04:50:43.111120080+00:00,64,38,0.9989824644263658,0.011236636727368089,True,6.538013576921855,-2.298121476518184e-07,,,null_B
2001-04-26 11:13:06.730841880+00:00,2001-05-26 11:13:06.730841880+00:00,120,62,1.1546422760721107,-0.011692952322992197,True,6.739816056944744,4.809527722741955e-07,,,null_B
2012-04-22 02:51:09.166399552+00:00,2012-05-22 02:51:09.166399552+00:00,90,47,0.8805798381990005,0.018927866466611994,True,6.701244577856289,-1.069492622811836e-07,,,null_B
2012-11-22 17:10:47.520226880+00:00,2012-12-22 17:10:47.520226880+00:00,84,42,1.1882976052075944,-0.011839137313457171,True,6.539432501660364,-2.509751473391545e-07,,,null_B
2018-01-09 18:31:02.134012096+00:00,2018-02-08 18:31:02.134012096+00:00,63,30,1.0373275841638179,0.012514281429353832,True,6.460440294926019,-1.7167765666788268e-07,,,null_B
2017-08-21 00:44:07.126057408+00:00,2017-09-20 00:44:07.126057408+00:00,77,37,1.024148873831759,0.004997514093155053,True,6.523553733287303,3.6272444673140385e-09,,,null_B
2018-07-17 01:42:24.859900800+00:00,2018-08-16 01:42:24.859900800+00:00,58,28,,,False,6.41400362978483,-4.010351055667838e-09,,,null_B
2012-11-10 00:43:35.533680960+00:00,2012-12-10 00:43:35.533680960+00:00,82,39,1.430530810323213,0.013788935978614894,True,6.470115283303259,3.0700325047610083e-07,,,null_B
2006-01-12 22:59:18.733434848+00:00,2006-02-11 22:59:18.733434848+00:00,102,55,1.0896987456514073,-0.006420896563879835,True,6.661896441587134,3.015559429891942e-07,,,null_B
2017-12-11 20:27:59.042053568+00:00,2018-01-10 20:27:59.042053568+00:00,75,42,0.9940255171627577,-0.0005448010021130131,True,6.612823921605699,2.875707005275741e-07,,,null_B
2016-04-03 19:25:02.965137344+00:00,2016-05-03 19:25:02.965137344+00:00,83,44,1.4520484197373151,0.04774782070893146,True,6.476494497358449,-9.356495689368684e-08,,,null_B
2015-03-17 04:49:12.886966720+00:00,2015-04-16 04:49:12.886966720+00:00,78,36,0.926220459035372,-0.01570486025104899,True,6.603409374975174,1.2320096327648206e-08,,,null_B
2017-03-26 06:48:14.051877952+00:00,2017-04-25 06:48:14.051877952+00:00,96,48,1.192570659688563,0.007607808426719723,True,6.581440220336711,-7.220187174786267e-08,,,null_B
2004-12-26 23:46:12.007778048+00:00,2005-01-25 23:46:12.007778048+00:00,86,36,0.8700390288545948,-0.010993428335973098,True,6.648684366422696,-2.087751662586921e-07,,,null_B
2012-04-29 10:46:02.397330816+00:00,2012-05-29 10:46:02.397330816+00:00,86,43,0.9696086563779773,-0.019066995193117726,True,6.638983269623459,-1.4098409119377845e-07,,,null_B
2001-08-19 09:22:22.987581584+00:00,2001-09-18 09:22:22.987581584+00:00,95,54,1.1162257031306824,-0.005811803611813244,True,6.6426392715581315,-2.1409734375539683e-07,,,null_B
2002-06-28 04:40:22.551262496+00:00,2002-07-28 04:40:22.551262496+00:00,64,33,1.1747309756399436,-0.0020915689774659426,True,6.401694886290496,6.106633827705928e-08,,,null_B
2000-11-21 10:06:39.593764384+00:00,2000-12-21 10:06:39.593764384+00:00,108,70,0.8829687404364688,-0.012229568491091762,True,6.849439192351546,2.2046302019225176e-07,,,null_B
2012-12-07 01:26:00.264739456+00:00,2013-01-06 01:26:00.264739456+00:00,55,30,0.9306310326498259,,False,6.451015345064889,-1.2539358412185042e-07,,,null_B
2006-12-26 01:26:52.507530112+00:00,2007-01-25 01:26:52.507530112+00:00,89,53,1.1355504460223143,-0.018075071415841013,True,6.634990549505326,3.0257932383496297e-07,,,null_B
2011-11-28 03:05:24.284696384+00:00,2011-12-28 03:05:24.284696384+00:00,65,28,,,False,6.322652352965392,-4.871516302952804e-08,,,null_B
2003-07-22 05:16:09.521152960+00:00,2003-08-21 05:16:09.521152960+00:00,48,29,,,False,6.402206858615633,-1.3853919878205837e-07,,,null_B
2019-01-14 04:16:48.985001088+00:00,2019-02-13 04:16:48.985001088+00:00,103,60,0.7958970346424904,-0.0012604412414332885,True,6.836343250150463,7.636397750093442e-07,,,null_B
2003-09-07 15:23:53.553362960+00:00,2003-10-07 15:23:53.553362960+00:00,71,42,1.1061472553023999,-0.0035528690062556273,True,6.523797521973907,2.2035026339208667e-07,,,null_B
2005-12-28 02:04:59.768844512+00:00,2006-01-27 02:04:59.768844512+00:00,71,39,1.0906300575806067,0.0009522969799478695,True,6.504609860406224,-1.65887161836437e-07,,,null_B
2009-01-12 02:27:59.202373440+00:00,2009-02-11 02:27:59.202373440+00:00,97,59,0.8284311164659504,0.008336727545490637,True,6.769429257861638,-4.3892079572955306e-07,,,null_B
2019-03-31 00:24:49.438190464+00:00,2019-04-30 00:24:49.438190464+00:00,87,50,0.8947146310326584,-0.02885319814364078,True,6.700129295395344,4.433243401793607e-07,,,null_B
2006-12-27 01:52:16.845627648+00:00,2007-01-26 01:52:16.845627648+00:00,90,52,1.1319956420535882,-0.01893355061805557,True,6.635285478144811,3.3662275983204963e-07,,,null_B
2017-02-17 04:23:05.595418432+00:00,2017-03-19 04:23:05.595418432+00:00,74,43,0.960136900865801,0.0032603734460954176,True,6.589428915147903,1.083757133237153e-07,,,null_B
2013-06-23 12:47:00.838844352+00:00,2013-07-23 12:47:00.838844352+00:00,81,42,1.2693366903226568,-0.010729581985939282,True,6.497890195842609,-1.5574598423548518e-07,,,null_B
2020-12-27 15:39:55.449472640+00:00,2021-01-26 15:39:55.449472640+00:00,130,67,0.9332177770211009,-0.0040307466603590365,True,6.826663620781213,1.0001112355511431e-07,,,null_B
2017-03-21 20:02:58.294643904+00:00,2017-04-20 20:02:58.294643904+00:00,94,45,1.1016489112540215,0.01015201020448713,True,6.599471843793707,-1.0390710856685749e-07,,,null_B
2017-02-23 01:04:21.414782528+00:00,2017-03-25 01:04:21.414782528+00:00,74,38,0.8608862969391539,0.005588544856226284,True,6.58566850081067,1.2787373964983042e-07,,,null_B
2016-03-12 23:36:49.748802176+00:00,2016-04-11 23:36:49.748802176+00:00,85,47,1.0451531310523716,0.0009886684713381355,True,6.611059377443392,-3.3727747071311645e-07,,,null_B
2017-07-27 18:49:19.383447616+00:00,2017-08-26 18:49:19.383447616+00:00,82,37,1.035366999382753,,False,6.541614745315586,2.1660406939853055e-07,,,null_B
2005-12-27 11:37:37.359894592+00:00,2006-01-26 11:37:37.359894592+00:00,70,39,1.115041790271682,-0.0042468586489058545,True,6.498358207379332,-1.8902737746196802e-07,,,null_B
2006-11-18 11:13:55.204322880+00:00,2006-12-18 11:13:55.204322880+00:00,85,53,0.8556731427833578,-0.004606319692142988,True,6.715230382428782,-3.8487696141689816e-07,,,null_B
2015-11-18 12:51:07.098039616+00:00,2015-12-18 12:51:07.098039616+00:00,82,44,1.1253802829059534,0.009665648115631451,True,6.572041826334629,1.0566435823598443e-07,,,null_B
2019-11-13 11:55:56.640033792+00:00,2019-12-13 11:55:56.640033792+00:00,97,52,1.0005898564009361,0.018730747084423,True,6.64714956369306,-1.7650018837287173e-07,,,null_B
2021-01-09 03:34:36.513385472+00:00,2021-02-08 03:34:36.513385472+00:00,113,62,0.96891895926598,0.007581442902275336,True,6.758713064171825,-6.821819230859285e-07,,,null_B
2015-09-27 17:09:34.135348480+00:00,2015-10-27 17:09:34.135348480+00:00,91,43,1.1485032424255752,0.014204523988910613,True,6.576204956451865,7.856788083609907e-08,,,null_B
2012-04-03 14:58:16.726733824+00:00,2012-05-03 14:58:16.726733824+00:00,92,46,0.9797717590755073,-0.027362777207607193,True,6.660370806972526,-8.718597330790545e-09,,,null_B
2015-11-21 20:30:02.533245952+00:00,2015-12-21 20:30:02.533245952+00:00,78,44,1.1965533627891727,-0.0186876893602457,True,6.514466326282105,2.2611630119465324e-07,,,null_B
2007-11-14 05:15:49.925275904+00:00,2007-12-14 05:15:49.925275904+00:00,72,37,0.9846137150992843,-0.014854516401136565,True,6.50580433286426,2.70581143695027e-07,,,null_B
2004-12-16 05:00:56.035691552+00:00,2005-01-15 05:00:56.035691552+00:00,91,48,0.8897198092768297,-0.004264073890658198,True,6.716405488213371,3.138695332548569e-07,,,null_B
2003-06-20 03:25:17.163914288+00:00,2003-07-20 03:25:17.163914288+00:00,71,33,0.951009814386684,-0.00686988268534367,True,6.546732371270474,-1.6594507632172443e-07,,,null_B
2017-05-17 00:28:25.357393408+00:00,2017-06-16 00:28:25.357393408+00:00,60,32,0.8296969206509885,,False,6.488877578998165,2.8783614247406385e-07,,,null_B
2014-01-21 17:39:24.504772992+00:00,2014-02-20 17:39:24.504772992+00:00,74,44,0.9592850001879049,0.019620323492208755,True,6.590830719105406,-5.570026335233101e-07,,,null_B
2001-03-24 08:44:14.844173664+00:00,2001-04-23 08:44:14.844173664+00:00,126,70,1.229798290179111,0.004901576504661204,True,6.702316281104385,6.88452523882257e-07,,,null_B
2000-11-27 18:42:03.731499996+00:00,2000-12-27 18:42:03.731499996+00:00,119,75,0.8122714748813941,0.0004093707329356138,True,6.927093663030256,6.212865129972205e-07,,,null_B
2015-03-02 06:43:41.347207360+00:00,2015-04-01 06:43:41.347207360+00:00,75,39,1.07335138112971,-0.009094793605282236,True,6.542703718224773,2.693968388241317e-07,,,null_B
2003-09-16 14:07:30.715890160+00:00,2003-10-16 14:07:30.715890160+00:00,70,44,1.0057345896706866,-0.03781103723895763,True,6.583670438103908,4.3678671626847877e-07,,,null_B
2002-07-04 16:21:49.425949168+00:00,2002-08-03 16:21:49.425949168+00:00,63,27,,,False,6.378547971726402,9.522520539985963e-08,,,null_B
2001-08-25 23:57:17.231270760+00:00,2001-09-24 23:57:17.231270760+00:00,87,50,1.1073291226498023,0.014312295493697925,True,6.608964503959165,-4.550321656391053e-07,,,null_B
2018-08-03 21:54:58.845728512+00:00,2018-09-02 21:54:58.845728512+00:00,71,36,0.9544933668203335,-0.014027352917196263,True,6.588180801226059,1.7923235535048563e-07,,,null_B
2015-10-25 15:45:17.027344+00:00,2015-11-24 15:45:17.027344+00:00,94,54,1.1172892816948843,-0.0025693047176973487,True,6.639710325401896,2.1985548348886032e-08,,,null_B
2004-12-16 12:48:50.744357088+00:00,2005-01-15 12:48:50.744357088+00:00,90,47,0.9075962938840763,-0.0042348897495614385,True,6.705001191885903,3.0543125506117796e-07,,,null_B
2009-01-11 14:01:51.720440384+00:00,2009-02-10 14:01:51.720440384+00:00,97,59,0.8297724880923533,-0.004804653940722315,True,6.769680438432387,-3.3417644389765625e-07,,,null_B
2019-01-15 06:02:49.949338368+00:00,2019-02-14 06:02:49.949338368+00:00,101,61,0.8018148727632682,-0.0029787891900818703,True,6.8349895163449,8.0219986380994e-07,,,null_B
2018-04-13 21:52:39.908550528+00:00,2018-05-13 21:52:39.908550528+00:00,76,44,0.8362782146058245,-0.00684220186584011,True,6.674992459693934,3.2633094777312157e-07,,,null_B
2016-03-22 03:50:21.539599168+00:00,2016-04-21 03:50:21.539599168+00:00,80,42,1.165518737376139,0.028108650646071626,True,6.522231443412287,-5.501361693855322e-08,,,null_B
2019-11-13 00:36:20.498327552+00:00,2019-12-13 00:36:20.498327552+00:00,97,52,1.0005898564009361,0.01858710883490918,True,6.647544151756668,-1.7868078295028437e-07,,,null_B
2011-12-06 14:12:20.802481408+00:00,2012-01-05 14:12:20.802481408+00:00,57,27,,,False,6.405489368149645,2.436655649283959e-07,,,null_B
2018-04-13 16:59:49.259858432+00:00,2018-05-13 16:59:49.259858432+00:00,75,43,0.8355553790532356,-0.007256019729959535,True,6.66916198617886,3.131544409380916e-07,,,null_B
2005-11-01 14:41:47.199899392+00:00,2005-12-01 14:41:47.199899392+00:00,80,43,1.0067203623633345,-0.033937107997122816,True,6.5632933181313495,9.488133245019981e-08,,,null_B
2014-01-20 11:03:22.634621376+00:00,2014-02-19 11:03:22.634621376+00:00,76,44,0.9502216411607707,0.0203165499358489,True,6.602053649240844,-4.476612889538164e-07,,,null_B
2015-12-06 17:58:03.285443008+00:00,2016-01-05 17:58:03.285443008+00:00,121,74,0.8393259770394524,-0.03499349601222396,True,6.913762554536122,1.2650830941247132e-06,,,null_B
2016-04-02 23:39:34.555891328+00:00,2016-05-02 23:39:34.555891328+00:00,81,43,1.4299129189770172,0.049203154724686136,True,6.468535436243522,-9.299320404860097e-08,,,null_B
2017-03-10 15:19:34.562462592+00:00,2017-04-09 15:19:34.562462592+00:00,95,48,1.0679372505817666,0.0015547323480316773,True,6.623251976045367,-1.455446466707297e-07,,,null_B
2011-12-14 08:20:48.472320+00:00,2012-01-13 08:20:48.472320+00:00,60,30,1.0749863413446819,-0.030650291418674713,True,6.4436526413132755,2.7565406506305825e-07,,,null_B
2023-01-15 18:39:36.734876672+00:00,2023-02-14 18:39:36.734876672+00:00,79,44,0.9855057866809226,0.04915884056193743,True,6.608819931930861,-4.303423304255883e-07,,,null_B
2016-10-14 19:08:11.575302528+00:00,2016-11-13 19:08:11.575302528+00:00,78,40,1.134668796612024,-0.03488251592650999,True,6.540425579068059,3.3313561510527916e-07,,,null_B
2017-12-19 23:29:36.812478784+00:00,2018-01-18 23:29:36.812478784+00:00,78,42,0.9780358305596015,-0.004309162839854046,True,6.618812768358645,-1.5187744959102843e-07,,,null_B
2019-03-24 11:48:51.312536576+00:00,2019-04-23 11:48:51.312536576+00:00,73,36,0.9802257898756781,-0.008633432356781512,True,6.553270002303169,1.6076827208779516e-07,,,null_B
2000-10-12 23:50:19.991159484+00:00,2000-11-11 23:50:19.991159484+00:00,89,36,1.0571062439835748,0.004463546763018989,True,6.533478337282887,1.1463714128275656e-07,,,null_B
2011-11-06 11:40:30.001082880+00:00,2011-12-06 11:40:30.001082880+00:00,94,47,1.251492375809493,0.07346184614938231,True,6.571421748549056,-2.498283399140575e-07,,,null_B
2017-07-05 02:27:49.215305088+00:00,2017-08-04 02:27:49.215305088+00:00,75,35,1.0974950806219368,-0.009478253429536222,True,6.508054842385312,-6.758151030016205e-08,,,null_B
2004-12-08 19:45:41.154752928+00:00,2005-01-07 19:45:41.154752928+00:00,91,50,0.8627224511387607,-0.0027669125397436363,True,6.742861192666173,1.4185075040922966e-08,,,null_B
2016-08-28 03:46:18.706511744+00:00,2016-09-27 03:46:18.706511744+00:00,88,52,0.9667514151955956,-0.012643217495753228,True,6.71063368567437,3.084390662397571e-07,,,null_B
2011-05-07 05:40:22.843954688+00:00,2011-06-06 05:40:22.843954688+00:00,109,62,0.9035657006040796,-0.006615728097517591,True,6.767064121912357,-3.052312737189986e-07,,,null_B
2018-12-25 23:20:11.477814144+00:00,2019-01-24 23:20:11.477814144+00:00,68,36,1.0015759992643873,,False,6.501629014196062,5.191532128239225e-07,,,null_B
2003-07-31 03:41:46.059743552+00:00,2003-08-30 03:41:46.059743552+00:00,56,32,0.9604300912856987,,False,6.499121067658331,4.3471525444525304e-07,,,null_B
2018-08-30 05:34:36.546794496+00:00,2018-09-29 05:34:36.546794496+00:00,61,30,1.073215358904246,,False,6.4708409754798195,-1.982509387468181e-07,,,null_B
2019-03-05 19:06:21.290474624+00:00,2019-04-04 19:06:21.290474624+00:00,66,31,1.308370159280935,-0.0472200548371709,True,6.416766806942235,2.133160997312158e-07,,,null_B
2017-04-20 09:06:35.467867712+00:00,2017-05-20 09:06:35.467867712+00:00,60,39,1.039109496578333,-0.017321414195222904,True,6.49038000418263,-1.771308586353413e-07,,,null_B
2001-03-29 09:19:37.810684632+00:00,2001-04-28 09:19:37.810684632+00:00,148,82,1.2691428195319543,0.005062853728423825,True,6.763849878560539,2.1906202537922374e-07,,,null_B
2017-11-22 02:57:07.459212672+00:00,2017-12-22 02:57:07.459212672+00:00,67,41,0.9778184381127587,0.02161932722044658,True,6.559836712523064,4.142888534314843e-07,,,null_B
2005-11-14 13:38:28.450970400+00:00,2005-12-14 13:38:28.450970400+00:00,75,42,0.9147627000971207,0.014091033914527956,True,6.586095842311238,-1.505485809321982e-08,,,null_B
2006-08-20 20:00:35.361164448+00:00,2006-09-19 20:00:35.361164448+00:00,74,44,1.128703910439636,0.0013341667587155705,True,6.523512710765249,1.059471962474913e-07,,,null_B
2017-02-09 04:26:07.969314944+00:00,2017-03-11 04:26:07.969314944+00:00,56,30,0.8893402359793562,-0.022027505642848236,True,6.477879558025495,2.3950377932271907e-07,,,null_B
2009-06-03 01:08:02.516886144+00:00,2009-07-03 01:08:02.516886144+00:00,100,56,1.0583329411045301,-0.013664560760488149,True,6.693699036398163,1.5478145132773572e-07,,,null_B
2001-04-16 08:33:58.119329376+00:00,2001-05-16 08:33:58.119329376+00:00,114,59,1.3578894770689909,-0.016506986380440652,True,6.648612534303581,-3.1719460053542414e-07,,,null_B
2000-10-17 11:18:05.375691412+00:00,2000-11-16 11:18:05.375691412+00:00,91,32,1.0576425738891988,0.03646481879776023,True,6.512583843300645,6.390717234551954e-08,,,null_B
2004-11-12 04:15:29.563835968+00:00,2004-12-12 04:15:29.563835968+00:00,85,52,0.9026104340115539,-0.00846238180637187,True,6.70705990974149,-3.720568173988576e-08,,,null_B
2017-02-26 09:21:37.049905280+00:00,2017-03-28 09:21:37.049905280+00:00,83,43,0.8837985197273931,0.005792254686214881,True,6.627851656705735,9.436969444693371e-08,,,null_B
2013-06-27 21:14:09.117398592+00:00,2013-07-27 21:14:09.117398592+00:00,73,43,1.1620823100087012,-0.007764616797765326,True,6.530336207732277,8.358681152173194e-08,,,null_B
2003-06-11 21:51:04.536660400+00:00,2003-07-11 21:51:04.536660400+00:00,71,35,0.9800326799879978,0.01602871460126631,True,6.525701574663644,-6.762047148659569e-08,,,null_B
2003-08-03 05:03:15.067265216+00:00,2003-09-02 05:03:15.067265216+00:00,56,31,0.970665388536468,,False,6.492240636271367,5.624545817824046e-07,,,null_B
2016-10-12 21:43:29.332467392+00:00,2016-11-11 21:43:29.332467392+00:00,77,40,1.134668796612024,-0.02951943242075709,True,6.538062164524943,3.8001645478433836e-07,,,null_B
2003-07-03 03:54:53.952970976+00:00,2003-08-02 03:54:53.952970976+00:00,57,31,0.9548318396454477,0.006514074105561821,True,6.491114891466963,-6.933411387974636e-09,,,null_B
2005-11-16 03:46:38.383019872+00:00,2005-12-16 03:46:38.383019872+00:00,72,40,0.9028991307759915,0.015225213310852526,True,6.5712493800510465,-4.106779680059051e-08,,,null_B
